1017,01000,"EKOLEKÁREŇ ŽILINA, Žilina, Košická 3, HMTesco"
1018,01001,"EUROPALACE, Žilina, Vysokoškolákov 5886"
1019,01026,"FARMÁCIA, Žilina, V. Spanyola 43"
1020,01008,"FERULA, Žilina, Dolný Val 39"
1021,01000,"JUSTA, Žilina, Na priekope 174/13"
1022,01001,"KOLEČKO, Žilina, Hálkova 3"
1023,01026,"LIPA, Žilina, ul. Bratislavská 2"
1024,01008,"MAGNÓLIA, Žilina, UL. V. Spanyola"
1025,01000,"MANDRAGORA, Žilina, Hlinská 2591/16"
1026,01001,"MAX ZA, Žilina, Prielohy 907/9"
1027,01026,"MEDCENTRUM MEDIKA, s.r.o., Žilina, Ul. J. Milca 33"
1028,01008,"MEDEA, Žilina, ul. V. Spanyola 43"
1029,01000,"MEDIC CARE, Žilina, Milcova 6"
1030,01001,"MEDISALUS, Žilina, V. Spanyola 8187"
1031,01026,"MELISA, Žilina, Ul. J. Milca 741/27"
1032,01008,"NA BULVÁRI, Žilina, Bernoláka 54"
1033,01000,"NÁRODNÁ, Žilina, Národná 11"
1034,01001,"NOVA, Žilina, Ul. V. Spanyola 43"
1035,01026,"PARACELSUS, Žilina 010 01, Bratislavská 1 /objekt KRANKAS/"
1036,01008,"POD ARKÁDOU, Žilina, Hodžova 4"
1037,01000,"PRI NÁMESTÍ, Žilina, Štúrova 2"
1038,01001,"PRI NEMOCNICI, Žilina, Ul. V. Spanyola 39"
1039,01001,"PRI STAREJ POLIKLINIKE, Žilina, Bratislavská cesta 6"
1040,01026,"RAFAEL, Žilina, A. Rudnaya 106"
1041,01008,"RONDEL, Žilina, Hálkova 26"
1042,01000,"SALVE, Žilina, Ul. A. Rudnaya 3619"
1043,01001,"SAMARITÁN, Žilina, J. Milca 8"
1044,01026,"SCHNEIDER, Žilina, Nám. A. Hlinku 7/B"
1045,01008,"SLOVENA, Žilina, Kysucká cesta 3"
1046,01000,"SUN PHARMA, Žilina, Vysokoškolákov 52, OC Dubeň"
1047,01001,"SV. JOACHIMA A SV. ANNY, Žilina, Bernolákova 2135/2"
1048,01026,"U DOBRÉHO PASTIERA, Žilina, Smrekova 39"
1049,01008,"U LIEČIVÉHO PRAMEŇA, Žilina, Baničova 3392"
1050,01000,"VLČINCE, Žilina, Dobšinského 8"
1051,01001,"ŽILPO, s.r.o., Žilina, Vysokoškolákov 31"
1,95704,"DUBNIČKA, Bánovce nad Bebravou, Svätoplukova 1747/14"
2,95704,"EUROLEKÁREŇ, Bánovce nad Bebravou, Nám. Ľ Štúra 2/2"
3,95704,"JANA, Bánovce nad Bebravou, Farská 499/16"
4,95704,"KU GYMNÁZIU, Bánovce nad Bebravou, Radlinského 577/9"
5,95704,"LIPA, Bánovce nad Bebravou, Sládkovičova 738/24"
6,95704,"PRI NÁMESTÍ, Bánovce nad Bebravou, Hviezdoslavova 21"
7,95704,"PRI TATRE, Bánovce nad Bebravou, Partizánska 73"
8,95704,"SCHNEIDER, Bánovce nad Bebravou, Svätoplukova, NC Kaufland"
9,95704,"SV. KATARÍNY, Bánovce nad Bebravou, M. R. Štefánika 55"
10,95704,"SV. LUKÁŠA, Bánovce nad Bebravou, Záfortňa 7"
11,95704,"V NEMOCNICI, Bánovce nad Bebravou, Hviezdoslavova 23/3"
12,95704,"VALIKA, Bánovce nad Bebravou, SNP 638/7"
13,95704,"ZORNICA, Bánovce nad Bebravou, Textilná 4"
14,14586,"ALCHEMILKA, Banská Bystrica, ČSA 23"
15,14586,"AMBROZIA, Banská Bystrica, Rudohorská 33A"
16,14586,"ARCHA, Banská Bystrica, Kpt. Nálepku 5"
17,14586,"ARCUS, Banská Bystrica, Nám. L. Svobodu 1"
18,14586,"ARNIKA, Banská Bystrica, Kyjevské nám. 7"
19,14586,"ARTMED, Banská Bystrica, Bernolákova 14a"
20,14586,"ASKLEPION, Banská Bystrica, Kuzmányho 16"
21,14586,"ASTRA, Banská Bystrica, Internátna 24"
22,14586,"AVICENNA, Banská Bystrica, Dolná 50"
23,14586,"CARDIOPHARM, Banská Bystrica, Cesta k nemocnici 1"
24,14586,"CHAMOMILLA, Banská Bystrica, Horná Strieborná 7"
25,14586,"Dr. MAX, Banská Bystrica, Dolná 5"
26,14586,"ELIM, Banská Bystrica, Fatranská 2"
27,14586,"EUROPEA, Banská Bystrica, Na Troskách 25"
28,14586,"HÉLIA, Banská Bystrica, Spojová 25"
29,14586,"HELIUM, Banská Bystrica, Nám. Ľ. Svobodu 1"
30,14586,"ILDA, Banská Bystrica, 29. augusta 7"
31,14586,"LAZOVNÁ, Banská Bystrica, Lazovná 7"
32,14586,"LPD-BIOPHARMA, Banská Bystrica, Kyjevské nám. 1"
33,14586,"MEDISAN, Banská Bystrica, Nám. Slobody 5"
34,14586,"MONTANA, Banská Bystrica, Sládkovičova 7 A"
35,14586,"NA POLIKLINIKE, Banská Bystrica, Horná 62"
36,14586,"NEMOCNIČNÁ LEKÁREŇ FNsP F. D. Roosvelta, Banská Bystrica, Nám. L. Svobodu 1"
37,14586,"OLÍVIA, Banská Bystrica, Nám. L. Svobodu 21"
38,14586,"PHARM - ARKÁDIA, Banská Bystrica, Kukučínova 18"
39,14586,"POD BRÁNOU, Banská Bystrica, Nám. SNP 16"
40,14586,"PODLAVICE, Banská Bystrica, Povstalecká 30/4368"
41,14586,"PRI BARBAKANE, Banská Bystrica, Nám. Š. Moyzesa 4"
42,14586,"PRI PRAMENI, Banská Bystrica, Kapitulská 11"
43,14586,"PRI STAREJ NEMOCNICI, Banská Bystrica, Cesta k nemocnici 23"
44,14586,"RADVANSKÁ LEKÁREŇ, Banská Bystrica, Bernolákova 10"
45,14586,"SCHNEIDER, Banská Bystrica, Horná 61/A"
46,14586,"SILYBUM, Banská Bystrica, Rudohorská 27"
47,14586,"SIMBA, Banská Bystrica, Horná 60"
48,14586,"SITNIANSKA, Banská Bystrica, Rudohorská 16"
49,14586,"SLNEČNICA, Banská Bystrica, Dolná 14466/74"
50,14586,"SUN PHARMA, Banská Bystrica, Zvolenská 8"
51,14586,"SV. AGÁTY, Banská Bystrica, Tibora Andrašovana 46"
52,14586,"U ANJELA, Banská Bystrica, Horná 34"
53,14586,"U SAMARITÁNA, Banská Bystrica, Sládkovičová 9"
54,14586,"UNIVERSA, Banská Bystrica, Horná 65"
55,14586,"V KAUFLANDE, Banská Bystrica, 29. augusta 63"
56,14586,"VITA, Banská Bystrica, Bottova 1"
57,14586,"ZDRAVIE, Banská Bystrica, Partizánska cesta 12"
58,74589,"AB, Bardejov, Ťačevská 43"
59,74589,"AMBRA, Bardejov, Kláštorská 29"
60,74589,"ÁTRIUM, Bardejov, Partizánska 4"
61,74589,"Dr. MAX, Bardejov, Mlynská 2"
62,74589,"DÚHA, Bardejov, Sv. Jakuba 18"
63,74589,"KAMILKA, Bardejov, Komenského 2756"
64,74589,"MEDIKAMENT, Bardejov, Bezručova 543"
65,74589,"MEDIUS, Bardejov, Wolkerova 11"
66,74589,"NA STANICI, Bardejov, Slovenská 18"
67,74589,"PHARMACIA, Bardejov, Dlhý rad 6"
68,74589,"PRI BAŠTE, Bardejov, Rhodyho 3690/3"
69,74589,"PRI DETSKEJ POLIKLINIKE, Bardejov, Partizánska 4"
70,74589,"SALUS, Bardejov, Bezručova 9"
71,74589,"SV. JAKUBA, Bardejov, Sv. Jakuba 21"
72,74589,"SV. TEREZKY, Bardejov, Sv. Jakuba 17"
73,74589,"U SV. EGÍDIA, Bardejov, Radničné nám. 43"
74,74589,"VERONIKA, Bardejov, Jiráskova 16"
75,74589,"VINBARG, Bardejov, J. Grešáka 10"
76,84102,"A-MEDICAL, Bratislava 2, Záhradnícka 42"
77,60879,"AESKULAP, Bratislava 5, Romanova 22"
78,84105,"AFRODITA, Bratislava 2, Budovateľská 6"
79,81109,"ALIBABA centrum, Bratislava 4, Staré Grunty 56"
80,83103,"ALLPHARMA Podzáhradná, Bratislava 2, Podzáhradná 4"
81,85107,"ALOE, Bratislava 3, Hlinická 2/B"
82,83106,"AMETYST, Bratislava 2, Plynárenská 1"
83,84247,"ANTOLSKÁ, Bratislava 5, Antolská 11"
84,82105,"APATIKA, Bratislava 4, Majerníkova 21"
85,82103,"APOLLO, Bratislava 2, Mlynské Nivy 45"
86,82108,"APOTHEKA, Bratislava 2, Ružinovská 6"
87,85100,"ARBOREA, Bratislava 3, Stromová 9"
88,85101,"AS, Bratislava 2, Mlynské Nivy 31"
89,82101,"ASTRA, Bratislava 2, Ružinovská 10"
90,82102,"ATRIUM, Bratislava 2, Rezedová ul.č.5"
91,84102,"AUPARK, Bratislava 5, Einsteinova 18"
92,60879,"AURA, Bratislava 3, Robotnícka 9"
93,84105,"AVION, Bratislava 1, Floriánske nám. 2"
94,81109,"BACILLUS, Bratislava 4, Lamačská cesta 1/C, Tesco Lamač"
95,83103,"BAJKALSKÁ, Bratislava 2, Bajkalská 19/A"
96,85107,"BALSAMUM, Bratislava 3, Limbová 5"
97,83106,"BALZAM, Bratislava 2, Bajzova 2"
98,84247,"BEBRAVA, Bratislava 2, Bebravská 1"
99,82105,"BILLA Dlhé Diely, Bratislava 4, Ľ. Fullu 1"
100,82103,"BILLA RAČA, Bratislava 3, Rustaveliho 7"
101,82108,"BRANÍK, Bratislava 5, Beňadická 19"
102,85100,"BRATISLAVA, Bratislava 1, Pribinova 10, OC EUROVEA GALLERIA"
103,85101,"BYLINKA, Bratislava 2, Nám. SNP 13"
104,82101,"CALENDULA, Bratislava 1, Dunajská 13"
105,82102,"CBC, Bratislava 2, Karadžičova 8"
106,84102,"CENTRAL, Bratislava 1, Kolárska 6"
107,60879,"CENTRUM PLUS, Bratislava 1, Obchodná 43-45"
108,84105,"CENTRUM U ZLATÉHO GRÍFA, Bratislava 1, Sedlárska 2"
109,81109,"CHARIS, Bratislava 2, Ružinovská 6"
110,83103,"CITY POINT, Bratislava 1, Obchodná 43-49"
111,85107,"CLEMENTIA, Bratislava 5, Hálova 5"
112,83106,"DANUBIA, Bratislava 5, Panónska cesta 16"
113,84247,"DIAMANT, Bratislava 4, Schneidera Trnavského 4"
114,82105,"DLHÉ DIELY, Bratislava 4, Pribišova 6"
115,82103,"DOLNÉ HONY, Bratislava 2, Podzáhradná 41"
116,82108,"dona BOSCA, Bratislava 2, Záhradnícka 95"
117,85100,"Dr. MAX, Bratislava 3, Púchovská ul., OD Kaufland"
118,85101,"Dr. MAX, Bratislava 1, Štúrova 12"
119,82101,"Dr. MAX, Bratislava 1, Mickiewiczova 11"
120,82102,"Dr. MAX, Bratislava 3, Trnavská cesta 41/A"
121,84102,"Dr. MAX, Bratislava 5, Jantárová cesta 30, OD Kaufland"
122,60879,"Dr. MAX, Bratislava 1, Obchodná 12"
123,84105,"DULOVO, Bratislava 2, Dulovo námestie 10"
124,81109,"ELÁN, Bratislava 5, Záporožská 12"
125,83103,"FAKULTNÁ LEKÁREŇ UK, Bratislava 1, Odbojárov 10"
126,85107,"FARMINOVA, Bratislava 1, Kozia 26"
127,83106,"FIALKA, Bratislava 4, Segnerova 1"
128,84247,"HARMÓNIA, Bratislava 2, Miletičova 40"
129,82105,"HEDERA, Bratislava 5, Panónska cesta 9/Hyperkarket TESCO/"
130,82103,"HERBA, Bratislava 4, Saratovská, parc. č. 3026/2"
131,82108,"HEYDUKOVA, Bratislava 1, Heydukova 16"
132,85100,"HUMAVET, Bratislava 3, Sibírska 11"
133,85101,"IBIZA, Bratislava 3, Stromová 34"
134,82101,"JUVENTA, Bratislava 3, Vajnorská 40"
135,82102,"KAMELIA, Bratislava 3, Klenova 1"
136,84102,"KAMILKA, Bratislava 5, Nám.Hraničiarov 13"
137,60879,"KARLOVKA, Bratislava 4, Nám. sv. Františka 6"
138,84105,"KASKÁDA, Bratislava 4, Ul. Hany Meličkovej"
139,81109,"KAŠMÍRSKA, Bratislava 2, Kašmírska 15"
140,83103,"KOŠICKÁ, Bratislava 2, Košická 56"
141,85107,"KRAMÁRE, Bratislava 3, Limbova 5"
142,83106,"KRASŇANSKÁ, Bratislava 3, Kadnárová 13"
143,84247,"KRASŇANY, Bratislava 3, Hubeného 2"
144,82105,"KRYŠTÁL, Bratislava 1, Detvianska 22"
145,82103,"KUBAČOVA, Bratislava 3, Kubačova 19"
146,82108,"KVAČALOVA, Bratislava 2, Kvačalova 53"
147,85100,"LAMAČ, Bratislava 4, Malokarpatské nám. 2"
148,85101,"LaSalus Pharma, Bratislava 4, J. Jonáša 1, Zdravotné stredisko vW"
149,82101,"LEKÁREŇ 24, s.r.o., Bratislava 5, Strečnianska 13"
150,82102,"LEVANDUĽA, Bratislava 3, Nobelova 34"
151,84102,"LIBERI, Bratislava 4, M. Marečka 12"
152,60879,"LIBRA, Bratislava 4, Pribišova 4"
153,84105,"LIMBA, Bratislava 3, Limbová 1"
154,81109,"MAGMA, Bratislava 5, Záporožská 12"
155,83103,"MAGNÓLIA, Bratislava 2, Trojičné nám. 6"
156,85107,"MANDRAGORA, Bratislava 5, Fedinova 9"
157,83106,"MARTA, Bratislava 3, Račianska 85"
158,84247,"MATEJ, Bratislava 1, Žilinská (priestor č. 03 stavebný objekt SO-02)"
159,82105,"MEDACO, Bratislava 5, Gessayova 10 -12"
160,82103,"MEDIA, Bratislava 1, Krížna 28"
161,82108,"MEDISSIMO, Bratislava 5, Tematínska"
162,85100,"MEDIUS, Bratislava 2, Daxnerovo nám. 3"
163,85101,"MEDPHARMACENTRUM, Bratislava 2, Teslova 33"
164,82101,"MELISSA, Bratislava 3, Pri Šajbách 34"
165,82102,"METROPOL, Bratislava 1, Mickiewiczova 14"
166,84102,"MILOSRDNÍ BRATIA, Bratislava 1, SNP č. 10"
167,60879,"NA CUKROVEJ, Bratislava 1, Cukrová 14"
168,84105,"NA KORZE, Bratislava 5, Záporožská 7-9"
169,81109,"NA MÝTNEJ, Bratislava 1, Mýtna 9"
170,83103,"NA SARATOVSKEJ, Bratislava 4, Saratovská 24"
171,85107,"NA ŠANCOVEJ, Bratislava 1, Šancova 54"
172,83106,"NA TEHELNOM POLI, Bratislava 3, Tehelná 26"
173,84247,"NADA, Bratislava 4, P. Horova 14"
174,82105,"NATÁLIA, Bratislava 2, Herlianska 15"
175,82103,"NUTRICENTRUM, Bratislava 4, Jurigovo nám. 1"
176,82108,"OVSIŠTE, Bratislava 5, Blagoevova 18"
177,85100,"PALACE, Bratislava 2, Cesta na Senec 2/A"
178,85101,"PAMAX, Bratislava 2, Krížna 56"
179,82101,"PANACEA, Bratislava 1, Štefánikova 22"
180,82102,"PARK ONE, Bratislava 1, Námestie 1. Mája 18"
181,84102,"PATRIA, Bratislava 1, Hodžovo nám., podchod"
182,60879,"PATRÓNKA, Bratislava 3, Cesta na Červený most 1"
183,84105,"PEGAS, Bratislava 5, Vyšehradská 8"
184,81109,"PERSEUS, Bratislava 1, Kopčianska 10, Vienna gate"
185,83103,"PHARMACENTRUM, Bratislava 3, Ďumbierska 32"
186,85107,"PHARMACIA, Bratislava 2, Mierová 38"
187,83106,"PHARMACUM, Bratislava 2, Cesta na Senec 2, HP TESCO"
188,84247,"PHARMACY 4U, Bratislava 5, Haanova 7"
189,82105,"PHARMATOP, Bratislava 2, Dudvážska 5"
190,82103,"PHARMATOP, Bratislava 2, Galvániho 17/C"
191,82108,"PHARMEX, Bratislava 5, Pohraničníkov, Rusovce"
192,85100,"PHARMEX, Bratislava 5, Tomášikova 13"
193,85101,"PILULA, Bratislava 2, Tomášikova 10/H"
194,82101,"POD MANDERLOM, Bratislava 1, Nám. SNP 20"
195,82102,"PODUNAJSKÉ BISKUPICE, Bratislava 2, Učiteľská 20"
196,84102,"POKROK, Bratislava 1, Račianske mýto 1/A"
197,60879,"POLIKLINIKA MÝTNA, Bratislava 1, Mýtna 5"
198,84105,"POŠEŇ, Bratislava 2, Babuškova 2"
199,81109,"PRI BUDÚCNOSTI, Bratislava 2, Drieňová 38"
200,83103,"PRI DIVADLE, Bratislava 1, Gorkého 3"
201,85107,"PRI KAŠTIELI, Bratislava 2, Radničné námestie 7/A"
202,83106,"PRI KRÍŽI, Bratislava 1, Bartókova 6"
203,84247,"PRI MEDICKEJ ZÁHRADE, Bratislava 1, Špitalská 57"
204,82105,"PRI RADNICI, Bratislava 4, Istrijská 8/D"
205,82103,"PRI REDUTE, Bratislava 1, Palackého 10"
206,82108,"PRI STANICI, Bratislava 4, Opletalová 12"
207,85100,"PRIMA, Bratislava 2, Ružinovská 42"
208,85101,"RAČA, Bratislava 3, Tbiliská 6"
209,82101,"REMEDIA, Bratislava 1, Dunajská 27"
210,82102,"RENDEZ, Bratislava 3, Dopravná 57"
211,84102,"RETIA, Bratislava 1, Cukrová 3"
212,60879,"ROZADOL, Bratislava 2, Trenčianska 56/D"
213,84105,"ROZMARÍN, Bratislava 2, Partizánska 2"
214,81109,"RUBICON, Bratislava 4, Staré Grunty 24, Obchodné centrum CUBICON"
215,83103,"RUŽA, Bratislava 1, Krížna 7"
216,85107,"RUŽINOV, Bratislava 2, Komárnická 11"
217,83106,"SALÚBER, Bratislava 2, Miletičova 74"
218,84247,"SAMARITÁN, Bratislava 1, Panská 13"
219,82105,"SANIMAT, lekáreň a zdravotnícke pomôcky, Bratislava 5, Betliarska 9"
220,82103,"SANTAL, Bratislava 1, Dobrovičova 10"
221,82108,"SEDMOKRÁSKA, Bratislava 2, Sedmokráska 3"
222,85100,"Servus Plus, Dunajská 58, 811 08 Bratislava - Staré Mesto"
223,85101,"SIGNUM, Bratislava 4, Saratovská 28"
224,82101,"SILOE, Bratislava 1, Kamenné námestie 1/A, OD TESCO"
225,82102,"SILOE APOLLO, Bratislava 2, Prievozská 1/A"
226,84102,"SLIMÁK, Bratislava 3, Hálkova 1"
227,60879,"SLOVAKIA, Bratislava 5, Mánesovo nám. 4/A"
228,84105,"SLOVNAFT, Bratislava 2, Vlčie hrdlo 49"
229,81109,"SOFIA, Bratislava 5, Švabinského 17"
230,83103,"SRDCE, Bratislava 3, Pod Krásnou Hôrkou 1"
231,85107,"SUN PHARMA, Bratislava 3, Vajnorská 100"
232,83106,"SUNPHARMA, Bratislava 2, Ivánska cesta 12"
233,84247,"SUNPHARMA, Bratislava 5, Betliarska 3776/16"
234,82105,"Sv. ALŽBETY, Bratislava 1, Heydukova 10"
235,82103,"Sv. ALŽBETY, Bratislava 1, Špitálska 7"
236,82108,"SV. ANNY, Bratislava 4, Gbelská 8"
237,85100,"SV. CYRILA A METODA, Bratislava 5, Antolská 11"
238,85101,"SV. KRÍŽA, Bratislava 2, Krajinská 91"
239,82101,"Sv. MICHALA, Bratislava 1, Lazaretská 14"
240,82102,"SYMPATIA, Bratislava 3, Pekná cesta 13"
241,84102,"ŠALVIA, Bratislava 5, Nobelovo nám.5"
242,60879,"ŠUSTEKOVA, Bratislava 5, Šustekova 2"
243,84105,"TEHELNÁ, Bratislava 3, Tehelná 26"
244,81109,"TESCO PETRŽALKA, Bratislava 5, Panónska cesta 25, HM Tesco extra Petržalka"
245,83103,"THOMAS, Bratislava 1, Nám. slobody 23"
246,85107,"THORRE, Bratislava 5, Einsteinova 7"
247,83106,"TRI VEŽE, Bratislava 3, Bajkalská 9/B"
248,84247,"TRNÁVKA, Bratislava 2, Slovinská 16"
249,82105,"TRNAVSKÉ MÝTO, Bratislava 3, Trnavská cesta 1"
250,82103,"U ČERVENÉHO ZAJACA, Bratislava 3, Vajnorská 41/2"
251,82108,"U DVOCH LEVOV, Bratislava 1, Špitálska 20"
252,85100,"U KOCHA, Bratislava 2, Krajinská 91"
253,85101,"U KOZEJ BRÁNY, Bratislava 1, Podjavorinskej 13"
254,82101,"U KOZMU A DAMIÁNA, Bratislava 4, Schneidera - Trnavského 6"
255,82102,"U PANNY MÁRIE, Bratislava 5, Mlynarovičova 1"
256,84102,"U SV. KRIŠTOFA, Bratislava 1, Predstaničné nám. 3"
257,60879,"U ZLATÉHO HADA, Bratislava 5, Poloreckého 2"
258,84105,"UNIMED PHARMA, Bratislava 2, Oriešková 11"
259,81109,"UNIVERZITNÁ LEKÁREŇ, Bratislava 2, Ružinovská 12"
260,83103,"URIEL, Bratislava 2, Ružová dolina 7"
261,85107,"V KRUHU, Bratislava 2, Lotyšská 1"
262,83106,"V POLIKLINIKE RUŽINOV, Bratislava 2, Ružinovská 10"
263,84247,"V TECHNOPOLE, Bratislava 5, Kutlíkova 17"
264,82105,"VAJNORY, Bratislava 3, Roľnícka 138"
265,82103,"VIAMILA, Bratislava 2, Kazanská 54"
266,82108,"VICKY WALL, Bratislava 3, Riazanská 59"
267,85100,"VITA, Bratislava 2, Košická 52"
268,85101,"VITALITA, Bratislava 4, Líščie údolie 57"
269,82101,"VITAMÍN, Bratislava 2, Zahradnicka 45"
270,82102,"VRAKUŇA, Bratislava 2, Rajecká 1"
271,84102,"VYSOKÁ PRI MORAVE, Bratislava 5, Znievska 13"
272,60879,"ZÁMOCKÁ, Bratislava 1, Zámocká 14"
273,84105,"ZÁTIŠIE, Bratislava 3, Hálkova 11"
274,81109,"ZELENÁ FARMÁCIA, Bratislava 2, Uzbecká 20/a"
275,83103,"ZRKADLOVÝ HÁJ, Bratislava 5, Rovniankova 1"
276,85107,"ZUZANA-CENTRUM, Bratislava 1, Borská 3/668"
277,83106,"ŽELEZNIČNÁ LEKÁREŇ, Bratislava 3, Šancová 110"
278,97701,"AFRODITA, Brezno, M.R. Štefánika 8"
279,97701,"AURUM, Brezno, Malinovského 2/A"
280,97701,"Dr. MAX, Brezno, ČSA 2651/59 HM Tesco"
281,97701,"Lekáreň na Štúrovej, Štúrova 49, Brezno 97701"
282,97701,"MEDICENTRUM, Brezno, ČSA 60/12"
283,97701,"MEDIKAMENT, Brezno, Kuzmányiho 1"
284,97701,"NA ŠTADIÓNE, Brezno, Fraňa Kráľa 1"
285,97701,"PRI NEMOCNICI, Brezno, Banisko 1"
286,97701,"VITAMÍN, Brezno, Nám. M.R. Štefánika 31"
287,97701,"YZOP, Brezno, Rázusova 39"
288,02201,"ARGENTUM, Čadca, Moyzesova 1441"
289,02201,"CALENDULA, Čadca, Palárikova 2845/26a"
290,02201,"Dr. MAX, Čadca, Ulica slobody 2917/78"
291,02201,"FONTÁNA, Čadca, Palárikova 1083"
292,02201,"FRONTIER, Čadca, Palárikova 2311"
293,02201,"KAMILKA Čadca, s.r.o., Čadca, Palárikova 1761"
294,02201,"PRI NEMOCNICI, Čadca, Palárikova 2659"
295,02201,"PRI STAROM GYMNÁZIU NOVÁ, Čadca, A. Hlinku 16"
296,02201,"SALVATOR, Čadca, Nám. slobody 73"
297,02201,"SV. ALŽBETY, Čadca, Palárikova 48"
298,02201,"TERNO, Čadca, Moyzesova 53"
299,02201,"U ANJELA, Čadca, Mierová 1725 - Sídl. III."
300,02712,"ALFA, Dolný Kubín, SNP 1203/10"
301,02712,"BREZOVEC, Dolný Kubín, Nemocničná 2068"
302,02712,"DIA, Dolný Kubín, ul. Sládkovičova č. 5"
303,02712,"MEX, Dolný Kubín, Alej Slobody 3052/13"
304,02712,"NIKA, Dolný Kubín, Radlinského 1710/30"
305,02712,"TIMEA, Dolný Kubín, Nemocničná 1944/10"
306,02712,"U ANJELA, Dolný Kubín, Samuela Nováka 1764/4"
307,92901,"ALOE, Dunajská Streda, Ružova 25"
308,92901,"BALZAM, Dunajská Streda, Korzo B. Bartóka 2384/18"
309,92901,"COBRA, Dunajská Streda, Športová 4013"
310,92901,"DANA, Dunajská Streda, Hlavná 23"
311,92901,"Dr. MAX, Dunajská Streda, Komárňanská cesta, OC TESCO"
312,92901,"Dr. MAX, Dunajská Streda, Galantská cesta 4749/7, OD KAUFLAND"
313,92901,"GARANT, Dunajská Streda, ul. Jánosa Eszterházyho"
314,92901,"GRYF, Dunajská Streda, Hlavná ul 21"
315,92901,"JEDNOROŽEC, Dunajská Streda, Železničná 4"
316,92901,"MERLIN DS, Dunajská Streda, Galantská cesta 5237/16"
317,92901,"NA KORZE, Dunajská Streda, Jesenského 2"
318,92901,"NOE, Dunajská Streda, Hlavná 48"
319,92901,"PRI NEMOCNICI, Dunajská Streda, Veľkoblahovská 23"
320,92901,"SV. MÁRIE, Dunajská Streda, Veľkoblahovská 10"
321,92901,"VIKTÓRIA, Dunajská Streda, Veľkoblahovská 1002/45"
322,92400,"AREÁL ZDRAVIA, Galanta, Kpt. Nálepku 727/13"
323,92400,"CENTRUM GA, Galanta, Vajanského 909/2"
324,92400,"Dr. MAX, Galanta, Drevená 762/2, HM TESCO"
325,92400,"FELICITA, Galanta, Hodská 373/38"
326,92400,"KLOKNER, Galanta, Hodská 358"
327,92400,"MEDICANA, Galanta, ul. Poštová 1599/15"
328,92400,"MEDICEN, Galanta, Šafárikova 1531"
329,92400,"NA HLAVNEJ, Galanta, Hodská 358"
330,92400,"SUN PHARMA, Galanta, Esterházyho 2381"
331,92400,"SV. LUKÁŠA, Galanta, Hodská 373/38"
332,92400,"SV. MARTINA, Galanta, Mierova 2365"
333,14821,"ACTIS, Hlohovec, Námestie sv. Michala 16"
334,14821,"FRAŠTACKÁ LEKÁREŇ, Hlohovec, SNP 10"
335,14821,"HERBA MV, Pata, Hlohovecká 103"
336,14821,"NA POLIKLINIKE, Hlohovec, Nábr. A. Hlinku 27"
337,14821,"PRI POLIKLINIKE, Hlohovec, A. Hlinku 27"
338,14821,"PRI STANICI, Hlohovec, Železničná 4"
339,14821,"SUNPHARMA, Hlohovec, Nitrianska 96, OD Kaufland"
340,14821,"U SV. MICHALA, Hlohovec, Hlohová 13"
341,14821,"U SV. PANNY MÁRIE, Hlohovec, Nám. sv. Michala 25"
342,14821,"VIKTÓRIA, Hlohovec, R. Dilonga 20"
343,14821,"VO DVORE, Hlohovec, Hlohová 2"
344,06601,"CENTRUM, Humenné, Nám. slobody 67"
345,06601,"DON BOSCO, Humenné, Námestie slobody 52"
346,06601,"Dr. MAX, Humenné, 1. mája 23"
347,06601,"Dr. MAX, Humenné, Gen. M. R. Štefánika 5684/50, OD Kaufland"
348,06601,"HARMÓNIA, Humenné, 1. mája, NsP A. Leňa"
349,06601,"LABOREC, Humenné, 1. mája 25"
350,06601,"LABORECKÁ, Humenné, Laborecká 58"
351,06601,"LÚČ, Humenné, 1. mája 22"
352,06601,"MÁRIA Humenné, Radvaň nad Laborcom, Obcený úrad"
353,06601,"MÁRIA Humenné, Humenné, Krátka 3"
354,06601,"MEDIA, Humenné, Družstevná 1470/7 /Nemocničná/"
355,06601,"NA DETSKEJ POLIKLINIKE, Humenné, Hviezdoslavova 29"
356,06601,"PRI FONTÁNE, Humenné, Nám. slobody 28/26"
357,06601,"PRI KAŠTIELI, Humenné, Mierová 33/1"
358,06601,"PRI NEMOCNICI HUMENNÉ, Humenné, 1. mája 5558"
359,06601,"SUNPHARMA, Humenné, Družstevná 39, HM Tesco"
360,06601,"ZDRAVIE HUMENNÉ, Humenné, Chemlonská 1"
361,12879,"NA NÁMESTÍ, Ilava, Mierové nám. 93"
362,12879,"PURUS, Ilava, Štúrova 3, NsP"
363,06001,"Dr. MAX, Kežmarok, Tvarožnianska 9"
364,06001,"ECHINACEA, Kežmarok, Dr. Fischera 6"
365,06001,"ĽUBKA, Kežmarok, Dr. Daniela Fischera 2231"
366,06001,"LUNA, Kežmarok, Hviezdoslavova 19"
367,06001,"MARCUS, Kežmarok, Hviezdoslavova 13"
368,06001,"NA NÁMESTÍ, Kežmarok, Hlavné nám. 58"
369,06001,"SEVERKA, Kežmarok, Garbiarska 19"
370,06001,"SIHOŤ, Kežmarok, Sihoť 5"
371,94651,"ALBA, Komárno, Eotvosa 37"
372,94651,"ASTRA, Komárno, Mederčská 39"
373,94651,"AZ, Komárno, Petofiho 3985/17"
374,94651,"BIONATUR, Komárno, Budovateľská 40"
375,94651,"CALENDULA, Komárno, Palatínova 38"
376,94651,"Dr. MAX, Komárno, Hadovská cesta 3913, OD Kaufland"
377,94651,"DUNA, Komárno, Dunajská 13"
378,94651,"HEDERA, Komárno, Hradná 1"
379,94651,"KOMÁRNO, Komárno, Župná 4462"
380,94651,"KU SV. TROJICI, Komárno, Palatínova 51"
381,94651,"LACHESIS, Komárno, Jókaiho 32"
382,94651,"LAZARUS, Komárno, Rozmarínová 7"
383,94651,"MATRICARIA, Komárno, Eotvosova 21"
384,94651,"NA RÁKÓCZIHO ULICI, Komárno, Rákócziho 11"
385,94651,"PRI VÁHU, Komárno, Jazerná 15"
386,94651,"SALVÁTOR, Komárno, Jókaiho 8"
387,89512,"ADONAI, Košice I., Smetanova 2"
388,89512,"ADONIS, Košice I., Abovská 160/89"
389,89512,"ALŽBETINA, Košice I., Hlavná 40"
390,89512,"APIS, Košice I., Uralská 3"
391,89512,"ARNICA, Košice I., Rooseveltova 2"
392,89512,"ART, Košice I., Čajakova 2"
393,89512,"AVE, Košice I., Budapeštianska 34"
394,89512,"AVENA, Košice I., Murgašova 1, Letecká vojenská nemoc"
395,89512,"AVION, Košice I., Rastislavova 45"
396,89512,"AVIONA, Košice I., Tolstého 18"
397,89512,"BAZALKA, Košice I., Bočná 10"
398,89512,"BELLIS, Košice I., Južná tr. 27"
399,89512,"BETULA, Košice I., Letná č.45"
400,89512,"BOTICA, Košice I., Rastislavova 45"
401,89512,"CALENDULA, Košice I., Trieda SNP 1"
402,89512,"CALIA, Košice I., Hlavná 115"
403,89512,"CASSIA, Košice I., Poštová 15"
404,89512,"ČAKANKA, Košice I., L. Novomeského 9"
405,89512,"DOM ZDRAVIA, Košice I., Poštová 6"
406,89512,"Dr. MAX, Košice I., Štúrova 2"
407,89512,"Dr. MAX, Košice I., Popradská 92, OC Kaufland"
408,89512,"Dr. MAX, Košice I., Boženy Němcovej 28"
409,89512,"ECHINACEA, Košice I., Tr. SNP 2255/1"
410,89512,"ELIXÍR, Košice I., Americká trieda 17"
411,89512,"FERRUM, Košice II., VSŽ Vstupný areál"
412,89512,"FIALKA, Košice I., Spišské nám. 1"
413,89512,"FURČA, Košice I., Maršala Koneva 1"
414,89512,"GRAM, Košice I., Masarykova č. I. 3343/17/A"
415,89512,"ISIS, Košice I., Spišské námestie 4, Poliklinika Nad Jazerok"
416,89512,"ISKRA, Čordákova 2, 040 23 Košice II"
417,89512,"IVANA, Košice I., Maršála Koneva 1"
418,89512,"JASMÍN, Košice I., Masarykova 3"
419,89512,"JAZERO, Košice I., Spišské nám. 4"
420,89512,"JUH, Košice I., Rastislavova 45"
421,89512,"KAMILKA, Košice I., Brigádnická 2"
422,89512,"L. PASTEURA, Košice IV., Rastislavova 43"
423,89512,"LABOREC, Košice I., Bencúrova 10"
424,89512,"LEKÁREŇ VÚSCH, Košice I., Ondavská 8"
425,89512,"LINGOV, Košice I., Tr. L. Svobodu 8"
426,89512,"MAGNÓLIA, Košice I., Alžbetina 55"
427,89512,"MALÉ JAZERO, Košice IV., Ždiarska 15"
428,89512,"MARATÓN, Košice I., Hlavná 116"
429,89512,"MERKÚR, Košice I., Nám. L. Novomeského 7"
430,89512,"MILIANA, Košice I., Ondavská 10/C"
431,89512,"MYSLAVA, Košice II., Myslavská 644"
432,89512,"NA AUTOBUSOVEJ STANICI, Košice I., Staničné námestie 9"
433,89512,"NA KRIVEJ, Košice I., Krivá 17"
434,89512,"NA PANELOVEJ ULICI, Panelová 536/2, 04001 Košice"
435,89512,"NA SEVERE, Košice I., Komenského 37/A"
436,89512,"NA STANICI, Košice I., Staničné námestie"
437,89512,"NA TOLSTÉHO, Košice IV., Tolstého 18"
438,89512,"NAD NEMOCNICOU, Košice I., Turgenevova 9"
439,89512,"NEZÁBUDKA, Košice I., Štúrova 1"
440,89512,"OPTIMA, Košice I., Moldavská cesta 32, OC OPTIMA"
441,89512,"PANAX, Košice II., Cottbuská 13, poliklinika - KVP"
442,89512,"PARK, Košice I., Staničné námestie 13"
443,89512,"PHARMACOPOLA LEKÁREŇ, s.r.o., Košice I., Komenského 73"
444,89512,"PRI AMFITEÁTRI KE, Košice I., Letná 40"
445,89512,"PRI DATASE, Košice I., Toryská 1/C"
446,89512,"PRI DÓME, Košice I., Mlynská 1"
447,89512,"PRIMULA, Košice I., Mäsiarska 30"
448,89512,"RADIX, Košice I., Trieda KVP 4"
449,89512,"REMEDIA, Košice I., Budapeštianska 46"
450,89512,"Rondo Drive in, Košice I., Werferova 2249/3"
451,89512,"SAMBUCCUS, Košice I., Muškátová 7"
452,89512,"SCHNEIDER, Košice I., Napájedlá 16"
453,89512,"SEVER, Košice I., Komenského 37/A"
454,89512,"SLNEČNICA 02, Košice I., Moldavská cesta 21/A"
455,89512,"STAROMESTSKÁ LEKÁREŇ, Košice I., Hlavná 1"
456,89512,"SUN PHARMA, Košice I., Jána Pavla II. 5"
457,89512,"SUN PHARMA, Košice I., Trolejbusová 1"
458,89512,"SUN PHARMA, Košice I., Moyzesova 1035/32"
459,89512,"SUN PHARMA, Košice I., Americká trieda 15"
460,89512,"SUN PHARMA, Košice I., Pri prachárni 4"
461,89512,"SUN PHARMA, Košice I., Toryská 5, OC Galéria Košice"
462,89512,"SUN PHARMA, Košice I., Gudernova 3"
463,89512,"Sv. Lukáša, Košice I., Strojárska 13"
464,89512,"Sv. TEREZKY, Košice I., Mäsiarska 450/30"
465,89512,"SYNDIPHARMA, Košice II., Trieda SNP 1"
466,89512,"TERASA, Košice I., Trieda SNP 88"
467,89512,"TIP - TOP, Košice I., Čsl. armády 18"
468,89512,"TORYSA, Košice I., Jaltská 2"
469,89512,"TORYSKÁ, Košice I., Toryská 1"
470,89512,"U DAMIANA, Košice I., Mlynská 541/26"
471,89512,"UNION PLUS, Košice I., Moskovská trieda"
472,89512,"V KRÁSNEJ, Košice IV., Adamova 13"
473,89512,"VÁHY, Košice I., Zimná 20"
474,89512,"VERBENA, Košice II., Šaca, Vstupný areál U.S. Steel"
475,89512,"VITA, Košice I., Ondavská 4/A"
476,89512,"ZDRAVIE, Košice I., Kováčska 37"
477,89512,"ZDRAVOMAT, Košice I., Hlavná 81"
478,89512,"ZDRAVOMAX, Košice I., Mudroňova 29"
479,89512,"ZELENÁ LEKÁREŇ, Košice I., Komenského 61"
480,89512,"ZORA, Košice I., Ondavská 4/A"
481,89512,"ŽELEZNIČNÁ, Košice I., Masarykova 9"
482,89512,"ŽIVENA, Košice I., Komenského 37/A"
483,14587,"AESCULAP, Levice, Vojenská 2"
484,14587,"APIS, Levice, Nábrežná 3"
485,14587,"ARNICA, Levice, SNP 17/A"
486,14587,"BELLIS, Levice, Nám. Hrdinov 15"
487,14587,"Dr. MAX, Levice, Turecký rad 7"
488,14587,"EKOLEKÁREŇ, Levice, Komenského, OC Kaufland"
489,14587,"HARMÓNIA, Levice, SNP 19"
490,14587,"MELISSA, Levice, Pri Podlužianke 8"
491,14587,"PHARMAPULS, Levice, Sv. Michala 32"
492,14587,"PRIMULA, Levice, 29. augusta 2"
493,14587,"RÉGIA, Levice, Poľná 9"
494,14587,"SALVATOR, Levice, Ľ. Štúra 17"
495,05401,"PRI KOŠICKEJ BRÁNE, Levoča, Košická 22"
496,05401,"SOPHUS, Levoča, Kukučínova 3"
497,05401,"U BARBORKY, Levoča, V. Greschika 1, blok ASTRA"
498,05401,"U HADA, Levoča, Nám. Majstra Pavla 13"
499,05401,"U LEVA, Levoča, Nám. Majstra Pavla 24"
500,05401,"VšNsP Levoča, a.s., Levoča, Probstnerova cesta 2/3082"
501,05401,"ZELENÁ LEKÁREŇ, Levoča, Železničný riadok 2"
502,03201,"AMBRA, Liptovský Mikuláš, Jilemnického 22"
503,03201,"APIA, Liptovský Mikuláš, Nám. osloboditeľov 18"
504,03201,"AVICENA, Liptovský Mikuláš, Štúrova 36"
505,03201,"Dr. MAX, Liptovský Mikuláš, Jánošíkovo nábr. 1212"
506,03201,"Dr. MAX, Liptovský Mikuláš, Garbiarska 905"
507,03201,"PODBREZINY, Liptovský Mikuláš, Smrečianska 677"
508,03201,"SABADILLA, Liptovský Mikuláš, Nám. mieru 1"
509,03201,"SCHNEIDER, Liptovský Mikuláš, Kamenné pole 4447/2"
510,03201,"SLNKO, Liptovský Mikuláš, Jánošíkovo nábr. 1212, Poliklinika"
511,03201,"SUNPHARMA, Liptovský Mikuláš, 1. mája 41, Obchodné censtrum STOP.SHOP"
512,03201,"TILIA, Liptovský Mikuláš, Nábrežie 4. apríla"
513,98545,"AVE MARIA, Lučenec, Masarykova 28"
514,98545,"ČIERNY OROL, Lučenec, Kubínyiho nám. 8"
515,98545,"DIANA, Lučenec, Masarykova 11"
516,98545,"Dr. MAX, Lučenec, Novohradská 2843"
517,98545,"EKOLEKÁREŇ, Lučenec, Ľ. Podjavorinskej 5364, HM TESCO"
518,98545,"EVA, Lučenec, Novohradská 17"
519,98545,"HVIEZDA, Lučenec, Ľ. Štúra 7"
520,98545,"IRIS, Lučenec, Jokáiho sektor H"
521,98545,"MEDIHRAD, Lučenec, Kpt. Nálepku 159"
522,98545,"MIEROVÁ, Lučenec, Mieru 1390"
523,98545,"NA NÁMESTÍ, Lučenec, Nám. Republiky 13"
524,98545,"NA RÚBANISKU, Lučenec, Rúbanisko II. Q"
525,98545,"PRI ARTÉZSKE, Lučenec, Komenského 3"
526,98545,"REGIA, Lučenec, Železničná 172/13"
527,98545,"TILIA, Lučenec, Komenského 29"
528,98545,"U RAKA, Lučenec, Komenského ul."
529,98545,"V NEMOCNICI, Lučenec, Nám. republiky 15"
530,98545,"ZDRAVIE, Lučenec, Železničná 1379/44"
531,42578,"ALTHEA, Martin, A. Stodolu 28"
532,42578,"BEATRIX, Martin, Kollárová 17"
533,42578,"BELLA DONNA, Martin, M.R. Štefánika 40"
534,42578,"CARITAS, Martin, Ul. V.P. Tótha 11"
535,42578,"CASTANEA, Martin, A. Kmeťa 42"
536,42578,"CENTRUM, Martin, Námestie SNP 2"
537,42578,"CITÉ, Martin, Andreja Kmeťa 17"
538,42578,"Dr. MAX, Martin, Jesenského 8/4848"
539,42578,"Dr. MAX, Martin, Ul. Dúbravca 10643/3A, OD Kaufland"
540,42578,"FARMAVET, Martin, Sklabinská 20"
541,42578,"IDA, Martin, Ul. P. Mudroňa 10"
542,42578,"IMELO, Martin, Riadok 1"
543,42578,"IZIS, Martin, Zvolenská 10169"
544,42578,"KOŠÚTY, Martin, Hurbanova ul. 537"
545,42578,"ĽADOVEŇ, Martin, ul. D. Michaelliho 2"
546,42578,"LENKA, Varín, Martinčekova 116"
547,42578,"MELISSA, Martin, Československj armády 3"
548,42578,"MEXPHARM, Martin, 29. augusta 18"
549,42578,"NA SIHOTI, Trenčín, Martina Rázusa 1471"
550,42578,"OLYMP, Martin, Kollárova 49"
551,42578,"PHARMACIA, Martin, Ul. Hodžova č. 1A"
552,42578,"PODHÁJ, Martin, Jána Goliána38"
553,42578,"POLIKLINIKA I., Martin, Škultétyho 7"
554,42578,"PONIKLEC, Lipany, Nám. Sv. Martina 73"
555,42578,"PRED NEMOCNICOU, Martin, Jesenského 21"
556,42578,"PRI POLIKLINIKE, Lipany, Námestie sv. Martina 17"
557,42578,"REMEDIA, Martin, Uzlovská 4"
558,42578,"SANTÉ, Lipany, Nám. Sv. Martina 9"
559,42578,"SENIUM MEDICA, Martin, Prieložtek 1"
560,42578,"SEVER, Martin, Zvolenská 4000"
561,42578,"SILOE, Martin, Ul. P. Mudroňa 19"
562,42578,"SUNPHARMA HYPERMARKET TESCO, Martin, OC Turiec 1"
563,42578,"Sv. MARTINA, Kapušany pri Prešove, Na Rinku 5"
564,42578,"SV. MARTINA, Lipany, Nám. sv. Martina 11"
565,42578,"SV. MARTINA, Galanta, Mierova 2365"
566,42578,"SYNKA, Terchová, Ul. sv. Martina 1360/67"
567,42578,"ŠARIŠ, Lipany, nám.sv.Martina 11"
568,42578,"TULIP, Martin, Obchodné centrum TULIP"
569,42578,"U MARTINA, Senica, Robotnícka 61"
570,42578,"U SV. MARTINA, Martin, Mudroňova 16"
571,42578,"U Sv. MARTINA, Suchá nad Parnou, č. 66"
572,42578,"VERBENA, Martin, Kollárova 7"
573,90026,"AMARA, Michalovce, Masarykova 90"
574,90026,"CALENDULA, Michalovce, Nám. osloboditeľov 25"
575,90026,"DECIMA, Michalovce, Kpt. Nálepku 888/35"
576,90026,"DOM ZDRAVIA Michalovce, Michalovce, Námestie osloboditeľov 15"
577,90026,"Dr. MAX, Michalovce, P.O. Hviezdoslava 1"
578,90026,"Dr. MAX, Michalovce, Sobranecká cesta 5910"
579,90026,"FORTUNA, Michalovce, Špitálska 23"
580,90026,"GENERIKA, Michalovce, Nad Laborcom 18"
581,90026,"IDEA, Michalovce, Hollého 60"
582,90026,"JASMINE, Michalovce, Štefánikova 4"
583,90026,"KAMILKA, Michalovce, Hollého 42"
584,90026,"MEDIPHARM, Michalovce, Nám. osloboditeľov 18"
585,90026,"NEZÁBUDKA, Michalovce, A. Hrehovčíka 1"
586,90026,"PHARMACIA, Michalovce, Námestie osloboditeľov 25"
587,90026,"ROZMARÍN, Michalovce, Štefánikova 14"
588,90026,"SALUS, Michalovce, Štefánikova 76"
589,90026,"SANAMUS, Michalovce, Námestie osloboditeľov 68"
590,90026,"SCHNEIDER, Michalovce, Profesora Hlaváča 27"
591,90026,"SLNEČNICA, Michalovce, Námestie osloboditeľov 53"
592,90026,"SV. JAKUBA, Michalovce, Gorkého 4"
593,90026,"TILIA, Michalovce, Nám. osloboditeľov 73"
594,90026,"U APOLÓNA, Michalovce, Námestie osloboditeľov 12"
595,90026,"U CYPRIÁNA, Michalovce, Sama Chalúku 4"
596,90026,"U SAMARITÁNA, Michalovce, Prof. Hlaváča 21"
597,90703,"ELIXÍR, Myjava, M.R. Štefánika 936/44"
598,90701,"PEGAS, Myjava, Staromyjavská 690/2A"
599,90703,"PRI NEMOCNICI, Myjava, Staromyjavská 59"
600,90701,"PRIMA M, Myjava, Nám. M.R. Štefánika 580/29"
601,90703,"STAROMYJAVSKÁ, Myjava, Staromyjavská"
602,14875,"ALEXIA, Nitra, Jánskeho 7"
603,14875,"ALOE, Nitra, Kupecká 7"
604,14875,"ANEMAPHARM, Nitra, Štefánikova trieda 142"
605,14875,"BIANCA, Nitra, Jurkovičova 27"
606,14875,"CENTRUM, Nitra, Štúrova 71"
607,14875,"CHRENOVÁ, Nitra, Fatranská 12"
608,14875,"COMPHARM, Nitra, Ľ. Okánika 9"
609,14875,"ČAJKA, Nitra, Čajkovského 46"
610,14875,"D + D, Nitra, Štefánikova 53"
611,14875,"DAMI, Nitra, Špitálska 13"
612,14875,"Dr. MAX, Nitra, Hviezdoslavova tr., OD Kaufland"
613,14875,"EDITA, Nitra, Štefánikova ul.č.84"
614,14875,"FARSKÁ, Nitra, Farská 10"
615,14875,"GALIPEA, Nitra, Mostná 26"
616,14875,"HOMEO U SV. ANTONA, Nitra, Fraňa Mojtu 18"
617,14875,"HYPERICUM, Nitra, Rázusova 18"
618,14875,"IRIS, Špitálska 17, 94901 Nitra"
619,14875,"KLOKOČINA, Nitra, Hviezdoslavova 1"
620,14875,"NA ŠTÚROVEJ, Nitra, Štúrova 38"
621,14875,"NÁDEJ, Nitra, Štefánikova 52"
622,14875,"PÁROVCE, Nitra, Párovská 14"
623,14875,"PHARMACIA, Nitra, Čajkovského 2"
624,14875,"PHARMACUM NITRA, Nitra, Bratislavská 5, hypermarket TESCO"
625,14875,"PHARMACY MAX, Nitra, Chrenovská 30"
626,14875,"POD BORINOU, Nitra, Hviezdoslavova 1"
627,14875,"POD SVORADOVOU JASKYŇOU, Nitra, Kláštorská 134"
653,91501,"SANUS, Nové Mesto nad Váhom, Štefánikova 1"
654,91501,"TINA, Nové Mesto nad Váhom, Klčové 2089/39"
655,94067,"ARNIKA, Nové Zámky, M. R. Štefánika 32"
656,94067,"CLAUDIA, Nové Zámky, Gúgska 14"
657,94067,"Dr. MAX, Nové Zámky, Bitúnková 12"
658,94067,"Dr. MAX, Nové Zámky, Nitrianska cesta 111 A"
659,94067,"Dr. MAX, Nové Zámky, Športová 1, OD Kaufland"
660,94067,"ES, Nové Zámky, Komárňanská cesta 24"
661,94067,"NA KORZE, Nové Zámky, M.R. Štefánika 4"
662,94067,"NA NÁBREŽÍ, Nové Zámky, Bitúnková 15"
663,94067,"NA NÁMESTÍ, Nové Zámky, Hlavné nám. 3"
664,94067,"NA PREDNÁDRAŽÍ, Nové Zámky, Ľ. Štúra 18"
665,94067,"NOVÉ ZÁMKY, Nové Zámky, Letomostie 2/9694"
666,94067,"NOVOPHARMA, Nové Zámky, Slovenská 11"
667,94067,"PARK IS, Nové Zámky, Petofiho 18"
668,94067,"POD LIPOU, Nové Zámky, Kapisztóryho 5"
669,94067,"SAGITTARIUS, Nové Zámky, Komárňanská č. 14"
670,94067,"SALVIA, Nové Zámky, Andovská 9/C"
671,94067,"SÉLIA, Nové Zámky, SNP 42a"
672,94067,"STARBEC, Nové Zámky, J. Kráľa 3"
673,94067,"SUNPHARMA, Nové Zámky, Nitrianska cesta 111, HM Tesco"
674,94067,"SV. ALŽBETY, Nové Zámky, G. Czuczora 1"
675,94067,"ZENIT, Nové Zámky, Slovenská 2"
676,94067,"ZLATÝ LEV, Nové Zámky, Petofiho 15"
677,95804,"ASTRA PLUS, Partizánske, Bielická 371"
678,95804,"Dr. MAX, Partizánske, OD PRIOR, Námestie SNP 1"
679,95804,"HARMÓNIA, Partizánske, Nám. SNP 143"
680,95804,"KAMÉLIA, Partizánske, Nitrianska cesta 503/60"
681,95804,"MEDICENTRUM, Partizánske, Hrnčírikova 1445/7"
682,95804,"MEDICENTRUM SAD, Partizánske, Nitrianska cesta 1134/66"
683,95804,"ORCHIDEA, Partizánske, Gen. Svobodu 1830/3A"
684,95804,"SANUS, Partizánske, Nádražná 686/4"
685,95804,"ŠÍPOK, Partizánske, sídlisko Šípok, Malinovského 1489"
686,95804,"V NEMOCNICI, Partizánske, Nová nemocnica 511"
687,95804,"VERBENA, Partizánske, Hrnčírikova 228/12"
688,35796,"FARMÁCIA, s.r.o., Pezinok, Meisselova 1"
689,35796,"MEDOVKA, Pezinok, Kollárova 11"
690,35796,"MONIKA, Pezinok, Hollého 2/a"
691,35796,"OPROTI POLIKLINIKE, Pezinok, Kalinčiakova 1"
692,35796,"PETRA-FARM, Pezinok, Hollého 2"
693,35796,"PEZINKA, Pezinok, Šenkvická cesta, OC Hypernova"
694,35796,"PLUS, Pezinok, ul. Holubyho 28"
695,35796,"PRI ZÁMOCKOM PARKU, Pezinok, Mladoboleslavská 7"
696,35796,"SEVER, Pezinok, Svätoplukova 11/D"
697,35796,"SV. TADEÁŠA, Pezinok, Holubyho 41"
698,35796,"U TIGRA, Pezinok, Moyzesova 4"
699,35796,"VITALITAS, Pezinok, Myslenická 2/C, Nákupné centrum MÓLO"
700,25478,"ADRIA, Poprad, Francisciho 4977/22"
701,25478,"ADUS, Poprad, Mnoheľova 2"
702,25478,"ADUS-CENTRUM, Poprad, Nám. Sv. Egídia 22/47"
703,25478,"ALTEA, Poprad, nám. Sv. Egídia 25"
704,25478,"AVENA, Poprad, Karpatská 3273/11"
705,25478,"CYPRIÁN, Poprad 05801, L. Svobodu 2689/74"
706,25478,"DIECÉZNA LEKÁREŇ SV. LUKÁŠA, Poprad, Alžbetina 32"
707,25478,"DOREA, Poprad, Tatranské námestie 4914/8"
708,25478,"Dr. MAX, Poprad, Teplická 4359/3"
709,25478,"Dr. MAX, Stará Ľubovňa, Popradská cesta 1777/71"
710,25478,"Dr. MAX, Košice I., Popradská 92, OC Kaufland"
711,25478,"Dr. MAX, Poprad, Dlhé hony 1"
712,25478,"HEDERA, Poprad, Teplická 17"
713,25478,"LIMBA, Poprad, Podtatranská 2501"
714,25478,"MÁJ, Poprad, Ulica 1. mája 30"
715,25478,"NEMOCNICA POPRAD, a.s., Poprad, Banícka 803/28"
716,25478,"PRI NEMOCNICI, Poprad, Tatranské nám. 7"
717,25478,"PRIMULA, Poprad, Dostojevského 21"
718,25478,"STYRAX, Poprad, L. Svobodu 3782"
719,25478,"SUN PHARMA, Poprad, Moyzesova 4067/3"
720,25478,"TATRA, Poprad, Nám. Sv. Egídia 2/3"
721,25478,"TILIA, Poprad, Banícka 803/28"
722,25478,"VALERIANA, Poprad, Na letisko 17"
723,25478,"VČELA, Poprad, Tatranské námestie"
724,25478,"VICTORIA, Poprad 05801, Drevárska 1"
725,25478,"ZLATÝ HAD, Poprad, Novomeského 3918"
726,01802,"ADONIS, Považská Bystrica, Rozkvet 2011"
727,01802,"ANJA, Považská Bystrica, Nemocničná 986"
728,01802,"EKOLEKÁREŇ, Považská Bystrica, SNP 1911/429, HM Tesco"
729,01802,"JASPIS, Považská Bystrica, M. R. Štefánika 162"
730,01802,"MEDICA, Považská Bystrica, Mládežnícka 2174"
731,01802,"Nemocničná lekáreň NsP Považská Bystrica, Považská Bystrica, Nemocničná 986"
732,01802,"NOVÝ ŽIVOT, Považská Bystrica, Nemocničná 986"
733,01802,"PHARMACIA, Považská Bystrica, Tatranská 304"
734,01802,"TILIA, Považská Bystrica, Centrum 32/37"
735,25484,"AMULETUM, Prešov, Sabinovská 15"
736,25484,"ARNIKA, Prešov, Hlavná 109"
737,25484,"AVICENNA, Prešov, Jurkovičova 19"
738,25484,"BELLADONNA, Vranov nad Topľou, Prešovská 402"
739,25484,"CÉDER, Prešov, Nám. Kráľovnej pokoja 3"
740,25484,"Dr. MAX, Prešov, Volgogradská 47"
741,25484,"Dr. MAX, Prešov, Exnárova 11"
742,25484,"Dr. MAX, Prešov, Levočská 9210/13"
743,25484,"Dr. MAX, Prešov, 17. novembra 122"
744,25484,"ESENCIA, Prešov, Kováčska 15"
745,25484,"GALENA, Prešov, Košická 6 /OS TESCO/"
746,25484,"GALENOS, Prešov, Masarykova 32"
747,25484,"GALIA, Prešov, Jurkovičova 18"
748,25484,"IRIS, Prešov, Soľnobanská 1, Prešov- Solivar"
749,25484,"KOSTIHOJ, Prešov, Prostějovská 39/B"
628,14875,"POLYGONUM, Nitra, Coboriho 1"
629,14875,"PRI HVEZDÁRNI, Nitra, Fatranská 5"
630,14875,"PRI NEMOCNICI, Nitra, Špitálska 4"
631,14875,"RADLINKA, Nitra, Radlinského 7"
632,14875,"SALVATORE, Nitra, Piaristická 2"
633,14875,"SLÁDKOVIČOVA, Nitra, Sládkovičova 303/11"
634,14875,"SUN PHARMA, Nitra, CENTRO NITRA, Akademická 1/ A"
635,14875,"SUNPHARMA, Nitra, Štefánikova 61"
636,14875,"TÍLIA, Nitra, Výstavná 6"
637,14875,"U SV. MÁRIE, Nitra, Farská 35"
638,14875,"U SV. RAFAELA, Nitra, Štefánikova 34"
639,14875,"U ŠKORPIÓNA, Nitra, Dobšinského 31"
640,14875,"U VALENTÍNA, Nitra, Dlhá 2"
641,14875,"VIOLA, Nitra, Fatranská 12"
642,14875,"ZDENKA, Nitra, Hornočermánska 4"
643,91501,"BELLADONNA, Nové Mesto nad Váhom, Nám. Slobody 22"
644,91501,"HÁJOVKY, Nové Mesto nad Váhom, Tematínska 24"
645,91501,"LAURUS, Nové Mesto nad Váhom, Ul. Dibrova"
646,91501,"LIBRIS, Nové Mesto nad Váhom, Piešťanská 1184"
647,91501,"NA POLIKLINIKE, Nové Mesto nad Váhom, Nálepkova 14"
648,91501,"NIKA, Nové Mesto nad Váhom, Hviezdoslavova 20"
649,91501,"NOVOMESTSKÁ, Nové Mesto nad Váhom, Weisseho 16"
650,91501,"NOVOMESTSKÁ II, Nové Mesto nad Váhom, Piešťanská 4"
651,91501,"PALMA, Nové Mesto nad Váhom, Malinovského 1252/36"
652,91501,"SALVIA, Nové Mesto nad Váhom, Nám.Slobody 4"
750,25484,"LIBRA, Prešov, Justičná 15"
751,25484,"MEDIA, Prešov, Levočská 22"
752,25484,"MEDICUS, Prešov, Bratislavská 12"
753,25484,"MILLENIUM, Prešov, Raymanova 3"
754,25484,"MIMA, Prešov, Konštantínova 17"
755,25484,"OPÁL, Prešov, Zemplínska 9"
756,25484,"PHADIS, Šarišské Michaľany, Prešovská 169/4"
757,25484,"PHARMA-CENTRUM, Prešov, Prostejovská 33"
758,25484,"PHARMÁCIA, Prešov, Slánska 29"
759,25484,"PRI STANICI, Prešov, Masarykova 2724/26"
760,25484,"REIMANUS, Prešov, Hollého 14"
761,25484,"RUTHENIA, Prešov, Košická 6, HM Tesco"
762,25484,"SALVATOR, Prešov, Hlavná 22"
763,25484,"SILVIA, Prešov, Sládkovičova 27"
764,25484,"SIMIZA, Prešov, Reimanova 9"
765,25484,"SUN PHARMA, Prešov, Prostějovská 2"
766,25484,"SV. DAMIÁNA, Prešov, Hlavná 1"
767,25484,"Sv. MARTINA, Kapušany pri Prešove, Na Rinku 5"
768,25484,"SV. MIKULÁŠA, Prešov, Slovenská 40"
769,25484,"ŠVÁBY, Prešov, Švábska 31/A"
770,25484,"T a J, Prešov, Arm. gen. L. Slobodu 26"
771,25484,"U KERNA, Prešov, Hlavná 84"
772,25484,"U SPASITEĽA, Prešov, Hlavná 144"
773,25484,"U SV. TROJICE, Prešov, Hlavná 77"
774,25484,"U ZLATÉHO ORLA, Prešov, Hlavná 60"
775,25484,"ZDRAVIE, Prešov, Masarykova 26"
776,25484,"ZEUS, Prešov, Levočská 18"
777,25484,"ZUZANA, Prešov, Hollého 14/A"
778,97201,"ALTHEA, Prievidza, Fándlyho II. 1871/2A"
779,97201,"ANGELIKA, Prievidza, Veľkonecpálska 87"
780,97201,"CARITAS, Prievidza, Svätoplukova 24"
781,97201,"HARMÓNIA, Prievidza, Nádražná 7"
782,97201,"IRIS, Prievidza, Nám. J. C. Hronského 12"
783,97201,"NA BOJNICKEJ, Prievidza, Bojnická cesta 19"
784,97201,"NA KORZE, Prievidza, Nádražná ul."
785,97201,"NA SÍDLISKU, Prievidza, Svätoplukova 5"
786,97201,"POD KLÁŠTOROM, Prievidza, A. Hlinku 22"
787,97201,"PRIEVIDZA, Prievidza, Ul. Štefana Králika 26"
788,97201,"RUŽA, Prievidza, Tolstého 13/A"
789,97201,"SEVER, Prievidza, Gorkého 3"
790,97201,"STARÉ MESTO, s.r.o., Prievidza, Hviezdoslavova 1"
791,97201,"SUNPHARMA, Prievidza, Nábrežná 6"
792,97201,"ŠŤASTIE, Prievidza, Svätoplukova 90/14"
793,97201,"UNIKLINIKA, Prievidza, Nábrežná 5"
794,97201,"VTÁČNIK, Prievidza, Štefana Moyzesa 1"
795,97201,"ZAPOTOČKY, Prievidza, M. Hurbana 56"
796,02001,"DENTUR L, Púchov, Štefánikova 810"
797,02001,"Dr. MAX, Bratislava 3, Púchovská ul., OD Kaufland"
798,02001,"Dr. MAX, Púchov, Nimnická cesta 46, OD Kaufland"
799,02001,"NA STAROM NÁMESTÍ, Púchov, Pod Lachovcom 1727/55"
800,02001,"PRI FONTÁNE, Púchov, Moyzesova 1866-2"
801,02001,"PRI NÁSTUPIŠTI, Púchov, T. Vansovej 1699/69"
802,02001,"ZDRAVIE, Púchov, T. Vansovej 1344"
803,97901,"Dr. MAX, Rimavská Sobota, Nám. Š. M. Daxnera"
804,97901,"Dr. MAX, Rimavská Sobota, Fábryho 3"
805,97901,"JAZMÍN, Rimavská Sobota, Železničná 23"
806,97901,"KAMILKA, Rimavská Sobota, P. Hostinského 1883"
807,97901,"MÉDIA, Rimavská Sobota, Bélu Bartóka 1"
808,97901,"PRI NEMOCNICI, Rimavská Sobota, Šrobárova 18"
809,97901,"RIMAVA, Rimavská Sobota, Dobšinského 4380"
810,97901,"SALVATOR, Rimavská Sobota, Povstania 607/13"
811,97901,"U LEVA, Rimavská Sobota, Hlavné nám. 4"
812,97901,"ZÁPAD, Rimavská Sobota, V. Clementisa 4754"
813,04801,"AZA, Rožňava, Nám. baníkov 36"
814,04801,"Dr. MAX, Rožňava, Šafárikova 1970"
815,04801,"EKOLEKÁREŇ, Rožňava, Krásnohorská 5, OD Tesco"
816,04801,"FARMÁCIA, Rožňava, Šafárikova 17"
817,04801,"HELIOS, Rožňava, Špitálska 3753/1, Objekt NsP sv. Barbory"
818,04801,"KIM, Rožňava, Akademika Hronca 15"
819,04801,"NONA, Rožňava, Nám. baníkov 12"
820,04801,"POLI-PHARMA Rožňava, Rožňava, Špitálska 2"
821,04801,"Sv. BARBORY, Rožňava, Špitálska 1"
822,59874,"ASTRA, Ružomberok, Bernolákova 5231/4A"
823,59874,"CENTRUM RUŽOMBEROK, Ružomberok, K. Salvu 1"
824,59874,"Dr. MAX, Ružomberok, Bystrická cesta 4800"
825,59874,"JANTÁR, Ružomberok, Bystrická cesta 2576"
826,59874,"OCULUS, Ružomberok, Mostová 26"
827,59874,"PRI POLIKLINIKE, Ružomberok, Považská 1388"
828,59874,"PRI VOJENSKEJ NEMOCNICI, Ružomberok, Generála M. Vesela 83"
829,59874,"QUESTA, Ružomberok, Mostová 8"
830,59874,"SINUHE, s.r.o., Ružomberok, Mostová 17"
831,59874,"STARÁ LEKÁREŇ, Ružomberok, Podhora 47"
832,59874,"TEXICOM, Ružomberok, Textilná 23"
833,59874,"VO VOJENSKEJ NEMOCNICI, Ružomberok, Ul. gen. Miloša Vesela 21"
834,95001,"ARNIKA, Senica, ul. gen. L. Svobodu"
835,95001,"Dr. MAX, Senica, Obchodná 3, OD KAUFLAND"
836,95001,"EURODOM, Senica, Hviezdoslavova 309"
837,95001,"MELISSA, Senica, Hurbanova 2827/2A"
838,95001,"SOTINSKÁ, Senica, Sotinská 1588"
839,95001,"SUN HARMA, Senica, Nám. Oslobodenia 2560/18 A"
840,95001,"SUN PHARMA, Senica, Sotinská 1591/29A"
841,95001,"U MARTINA, Senica, Robotnícka 61"
842,95001,"VERBASCUM, Senica, Sotinská 1586/35"
843,90901,"KRÁĽOVSKÁ, Skalica, Kráľovská 2"
844,90901,"NA POTOČNEJ, Skalica, Potočná 189/43"
845,90901,"POD HÁJKOM, Skalica, Pod Hájkom 2007"
846,90901,"SKALICA, Skalica, Mallého 53"
847,90901,"SV. MICHALA, Skalica, Ružová 1"
848,90901,"V NEMOCNICI, Skalica, Koreszkova 7"
849,90901,"ZDRAVIE, Skalica, Štefánikova 959"
850,05205,"BLAUMONT, Spišská Nová Ves, Jánskeho 1"
851,05201,"BONUS, Spišská Nová Ves, Námestie SNP 2"
852,05205,"Dr. MAX, Spišská Nová Ves, OC MADARAS, Mlynská 39"
853,05201,"Dr. MAX, Spišská Nová Ves, Duklianska 3336/19, OD KAUFLAND"
854,05205,"ELIXÍR, Spišská Nová Ves, Zimná 205/70"
855,05201,"ELIXÍR, Spišská Nová Ves, Zimná 70"
856,05205,"FARMÁCIA, Spišská Nová Ves, Fabiniho 521/15"
857,05201,"FIDA, Spišská Nová Ves, Hviezdoslavova 27"
858,05205,"HARMÓNIA, Spišská Nová Ves, Zimná 55"
859,05201,"HORNÁD, Spišská Nová Ves, Hviezdoslavova 24"
860,05205,"NA LETNEJ, Spišská Nová Ves, Letná 27"
861,05201,"NA NÁMESTÍ, Spišská Nová Ves, Letná 58"
862,05205,"NA SÍDLISKU MIER, Spišská Nová Ves, Šafárikovo námestie 6/936"
863,05201,"NA STAROSASKEJ, Spišská Nová Ves, Starosaská 1"
864,05205,"NA TARČI, Spišská Nová Ves, Agátová 12"
865,05201,"NA ZÁPADE, Spišská Nová Ves, Hutnícka 20"
866,05205,"PRI PARKOVISKU, Spišská Nová Ves, Šafárikovo námestie 1"
867,05201,"PRI STANICI, Spišská Nová Ves, Odborárov 47"
868,05205,"SIGNUM, Spišská Nová Ves, Nábr. Hornácu 11"
869,05201,"SLÁVKA, Spišská Nová Ves, Chrapčiakova 1"
870,05205,"STATIM, Spišská Nová Ves, Štefánikovo nám. 10"
871,05201,"TEMPLUM, Spišská Nová Ves, Česká 1"
872,05205,"VERBENA, Spišská Nová Ves, Hviezdoslavova 478/41"
873,08901,"CENTRÁL, Svidník, Centrálna 1"
874,08901,"DANKA, Svidník, ul. Dr. Pribulu 412/4"
875,08901,"DERMED, Svidník, ul. Dr. Pribulu 2"
876,08901,"TILIA, Svidník, Centrálna 2 /AUT stanica/"
877,08901,"U SV. PETRA A JAKUBA, Svidník, MUDr. Pribulu 149"
878,08901,"UNICUM, Svidník, Sov. Hrdinov 164/64"
879,93101,"CENTRO, Šamorín, Hlavná 52/811"
880,93101,"JESENIUS, Šamorín, Hlavná 50"
881,93101,"PATIKA pri stanici, Šamorín, Agátový rad 51"
882,93101,"SAMARIA, Šamorín, Hlavná 35"
883,93101,"U SV. FLORIÁNA, Šamorín, Školská 35"
884,94201,"LAUDANUM, Šurany, M.R. Štefánika 7"
885,94201,"TILIA pharm, Šurany, SNP 1"
886,94201,"U MILOSRDNÉHO SRDCA, Šurany, SNP 2"
887,94201,"ZDRAVIA, Šurany, Družstevná 5"
888,07501,"AGAPE, Trebišov, M. R. Štefánika 3504/14"
889,07501,"APIS, Trebišov, M.R. Štefánika 3481/54,Obchodný komplex Neo"
890,07501,"AVICENNA, Trebišov, ul. SNP 3696/89"
891,07501,"D & M, Trebišov, M. R. Štefánika 3782/25/A"
892,07501,"GAMINA, Trebišov, M.R. Štefánika 60"
893,07501,"HEDERA, Trebišov, M.R. Štefánika 60"
894,07501,"MEDICAMENT, Trebišov, SNP 3818/91/a"
895,07501,"MONIKA, Trebišov, SNP 3792/1"
896,07501,"RODINNÁ LEKÁREŇ, Trebišov, Čsl. armády 3724"
897,07501,"SCHNEIDER, Trebišov, M.R. Štefánik, HM TESCO"
898,07501,"TILIA, Trebišov, Komenského 65"
899,07501,"U SLOVANSKEJ LIPY, Trebišov, Záborského 3777/1/A"
900,07501,"VEREJNÁ LEKÁREŇ NsP Trebišov, Trebišov, SNP 2228/78"
901,91451,"LEKÁREŇ M, Trenčianske Teplice, T.G. Masaryka 30"
902,91451,"PANOVCE, Trenčianske Teplice, SNP 15"
903,56525,"ARNICA MONTANA, Trenčín, Dolný Šianec 10"
904,56525,"AVE MÁRIA, Trenčín, Legionárska 2"
905,56525,"BELLIS, Trenčín, Šoltésovej 4"
906,56525,"CENTRUM, Trenčín, Braneckého 3"
907,56525,"Dr. MAX, Trenčín, K dolnej stanici 18"
908,56525,"EKOLEKÁREŇ Trenčín, Trenčín, Električná 2314, OC Kaufland"
909,56525,"HARMÓNIA, Trenčín, Brnianska 1K"
910,56525,"IMA, Trenčín, Zlatovská 2210"
911,56525,"JUŽANKA, Trenčín, Ganerála Svobodu 1"
912,56525,"KORUNKA, Trenčín, K dolnej stanici"
913,56525,"KVETNÁ, Trenčín, Bratislavská 55"
914,56525,"LAUGARICIO, Trenčín, Belá 7271"
915,56525,"MAX, Trenčín, M.R. Štefánika 426"
916,56525,"NA SIHOTI, Trenčín, Martina Rázusa 1471"
917,56525,"OZETA, Trenčín, Zlatovská 17"
918,56525,"POD FATIMOU, Trenčín, Palackého 25"
919,56525,"POD VEŽOU, Trenčín, Sládkovičova 54"
920,56525,"PRIOR, Trenčín, Vajanského 4"
921,56525,"Prof. ThDr. Hlaváča Štefana, Trenčín, Kubranská ulica 136/98"
922,56525,"SIHOŤ 2, Trenčín, Gagarinova 1"
923,56525,"SOBLAHOVSKÁ, Trenčín, Dlhé Hony 3"
924,56525,"ŠPITÁLSKA, Trenčín, Legionárska 19"
925,56525,"TRENČIANSKA LEKÁREŇ, Trenčín, Opatovská 3"
926,56525,"TRENČÍN, Trenčianska Turná, Belá 6469"
927,56525,"V POLIKLINIKE, Trenčín, Partizánska 3731"
928,78125,"ALTHEA, Trnava, Starohájska 1"
929,78125,"APOTHEKA, Trnava, Dolné Bašty 3A"
930,78125,"Dr. MAX, Trnava, OD KAUFLAND, V. Clementisa 41/D"
931,78125,"Dr. MAX, Trnava, Veterná 40/A, Shopping Park Arkadia"
932,78125,"FARMÁCIA, Trnava, Zelený kríčok č. 2"
933,78125,"JUKA, Trnavá Hora, č. 112"
934,78125,"LIEČIK, Trnava, Starohájska 11"
935,78125,"LINA, Trnava, Trojičné nám. 9"
936,78125,"LINČIANSKA, Trnava, Limbova 5"
937,78125,"MARIANUM, Trnava, A.Žarnova č.9"
938,78125,"MAX, Trnava, Ferka Urbánka 11"
939,78125,"MEDA, Trnava, Štefánikova 35"
940,78125,"MEDIKAMENT, Trnava, Starohájska 2"
941,78125,"NA EVANJELICKOM DOME, Trnava, Hlavná 48"
942,78125,"OMNIA, Trnava, Starohájska 9/B"
943,78125,"PHARMICA, Trnava, Kollárová 14"
944,78125,"PINIA, Trnava, Veterná 40"
945,78125,"POD STANICOU, Trnava, Kollárova 6"
946,78125,"PREDNÁDRAŽIE, Trnava, Mozartova 3"
947,78125,"PRI NEMOCNICI, Trnava, A. Žarnova 11"
948,78125,"SANTE PHARMA, s. r. o., Trnava, Trojičné námestie 9"
949,78125,"SUN PHARMA, Trnava, Hlavná 5"
950,78125,"SUPERPHARMA, Trnava, Veterná 40 HM TESCO"
951,78125,"U KRÁĽA ĽUDOVÍTA, Trnava, Hviezdoslavova 1"
952,78125,"U ZLATÉHO HADA, Trnava, Jeruzalemská 325/34"
953,78125,"V PAVILÓNE, Trnava, A. Žarnova 11"
954,78125,"VITA, Trnava, Špačinská cesta 78/C"
955,78125,"VITALIS, Trnava, Trhová 4"
956,78125,"ZDRAVIE, Trnava, Starohájska 2"
957,78125,"ŽOS, Trnava, Koniarekova 20/5881"
958,32801,"KARMEL, Trstená, Bernolákova 21/15"
959,32801,"PRI NEMOCNICI, Trstená, Ul. mieru 1315"
960,32801,"U MURÍNA, Trstená, Bernolákova 252"
961,99128,"AQUA VIVA, Veľký Krtíš, SNP 27"
962,99128,"BELLADONNA, Veľký Krtíš, SNP 5"
963,99128,"BIELY LEV, Veľký Krtíš, Banícka 2"
964,99128,"NA POLIKLINIKE, Veľký Krtíš, Nemocničná 1"
965,99128,"PANACEA, Veľký Krtíš, Nemocničná 1"
966,99128,"U ČIERNEHO ORLA, Veľký Krtíš, Nemocničná 3"
967,09303,"AESKULAP, Vranov nad Topľou, Duklianskych hrdinov 1212"
968,09303,"ALCHEMILLA, Vranov nad Topľou, Školská 654"
969,09303,"BELLADONNA, Vranov nad Topľou, Prešovská 402"
970,09303,"CENTRUM, Vranov nad Topľou, Pribinova 82"
971,09303,"Dr. Max lekáreň, Vranov nad Topľou, M. R. Štefánika 187/177 B"
972,09303,"FARMIS, Vranov nad Topľou, Štefánikova 869"
973,09303,"JOZEF, Vranov nad Topľou, Kalinčiakova 2612/7"
974,09303,"JUH, Vranov nad Topľou, M.R. Štefánika 2630/214"
975,09303,"KATARÍNA, Vranov nad Topľou, Nám. slobody 969"
976,09303,"PRI MEDVEĎOCH, Vranov nad Topľou, Námestie slobody 1248"
977,09303,"PRI STANICI, Vranov nad Topľou, Hronského 1187"
978,09303,"ROZMARÍN, Vranov nad Topľou, Hlovíkova 2696"
979,09303,"SCHNEIDER, Vranov nad Topľou, Dlhá 497/27, NC Kaufland"
980,95300,"ALTEA, Zlaté Moravce, Hviezdoslavova 64"
981,95300,"IRIS, Zlaté Moravce, Nám. A. Hlinku 8"
982,95300,"IRIS, Zlaté Moravce, Továrenská 49"
983,95300,"OLIVA, Zlaté Moravce, Bernolákova 5"
984,95300,"TULIP, Zlaté Moravce, Hviezdoslavova 62/A"
985,95300,"U ŠKORPIÓNA, Zlaté Moravce, Bernolákova 24"
986,95300,"U ZLATÉHO HADA, Zlaté Moravce, Župná 54"
987,41578,"CAMILCA, Vígľaš, Zvolenská 130/6"
988,41578,"ČERVENÝ MAK, Zvolen, Nám. SNP 84"
989,41578,"DANICA, Zvolen, Sokolská 1"
990,41578,"Dr. MAX, Zvolen, Jána Jiskru 8"
991,41578,"Dr. MAX, Zvolen, Hronská 2"
992,41578,"ELNED, Zvolen, Ľ.Štúra 54"
993,41578,"EUCALYPTUS, Zvolen, Nám. SNP 74/28"
994,41578,"FAMILY, Zvolen, Divadelná 4"
995,41578,"IZIS, Martin, Zvolenská 10169"
996,41578,"Lekáreň Hypernova Zvolen, Rákoš 8141/18, Zvolen 96001"
997,41578,"MÉDEA, Zvolen, Ľ. Fullu"
998,41578,"MEDIKAMENT, Zvolen, Študentská 17"
999,41578,"OPIUM, Námestie SNP 71, 96001 Zvolen"
1000,41578,"PRAMEŇ, Zvolen, Dukelských hrdinov 8"
1001,41578,"RECEPT, Zvolen, Štúrova 2"
1002,41578,"SAPPADA, Zvolen, Bernoláková 2/A"
1003,41578,"SEVER, Martin, Zvolenská 4000"
1004,41578,"SLATINA, Zvolenská Slatina, SNP 345/I"
1005,41578,"SUN PHARMA, Banská Bystrica, Zvolenská 8"
1006,41578,"U HIPPOKRATA, Zvolen, Kremnická 2"
1007,41578,"U SPASITEĽA, Zvolen, Hviezdoslavova 1"
1008,41578,"U SPASITEĽA, Zvolen, Kozačeka 9282"
1009,41578,"U ŠKORPIÓNA, Zvolen, Kozačeka 2182/11"
1010,41578,"U ZELENÉHO HADA, Zvolen, Nám.SNP 5"
1011,41578,"VAŠE ZDRAVIE, Zvolen, Kuzmányho nábr. 28"
1012,41578,"VAŠE ZDRAVIE - NA BRÁNE, Zvolen, Kuzmányho nábrežie 28"
1013,01001,"ALTHEA, Žilina, Hodžova 5"
1014,01001,"AUPARK, Žilina, Štúrovo námestie 1"
1015,01026,"AVENA, Žilina, Štefánikova 7/820"
1016,01008,"Dr. MAX, Žilina, Vysokoškolákov 37"
