1,Abakavir,Abactavirum
2,Abaloparatid,Abaloparatid
3,Abatacept,Abatacept
4,Abemaciklib,Abemaciklib
5,Abiraterón acetát,null
6,Abrocitinib,Abrocitinib
7,Aceklofenak,Aceclofenacum
8,Acetazolamid,Acetazolamidum
9,Acetylcysteín,Acetylcysteinum
10,Aciklovir,Aciclovirum
11,Acitretín,Acitretinum
12,Adalimumab,Adalimumabum
13,Adapalén,Adapalenum
14,Adenozín,Adenosinum
15,Afamelanotid,Afamelanotid
16,Afatinib,null
17,Aflibercept,null
18,Agalzidáza alfa,Agalsidasum Alfa
19,Agalzidáza beta,Agalsidasum Beta
20,Agomelatín,Agomelatinum
21,Akalabrutinib,Akalabrutinib
22,Akamprosát,Acambrosatum
23,Aklidíniumbromid,null
24,Aktívne ulilie,Carbo Aktivans
25,Alantoín,Allantoinum
26,Alanylglutamín,Alanylglutaminum
27,Albendazol,Albendazolum
28,Albumín,Albuminum
29,Alectinib,Alectinib
30,Alemtuzumab,Alemtuzumabum
31,Alergény i test,Test et Allergens
32,Alfadornáza,Alfadornasa
33,Alfakalcidol,Alfacalcidolum
34,Alfuzosín,Alfuzosinum
35,Algeldrát,Algeldratum
36,Alglukozidáza alfa,Alglukozidáza alfa
37,Alirokumab,Alirokumab
38,Aliskiren,Aliskirenum
39,Alitretinoín,Alitretinoinum
40,Alklometazón,Alclometasonum
41,Allopurinol,Allopurinolum
42,Alogliptín,null
43,Alopurinol,Alopurinolum
44,Alpelisib,Alpelisib
45,Alprazolam,Alprazolum
46,Alprostadil,Alprostadilum
47,Altepláza,Alteplasum
48,Alumíniumacetotartarát,Aluminium acetotartaricum
49,Alverín,Alverinum
50,Amantadín,Amantadinum
51,Ambrisentan,Ambrisentanum
52,Ambrisentán,Ambrisentán
53,Ambroxol,Ambroxolum
54,Amfebutamon,Anfebutamonum
55,Amfotericín B,Amphotericinum B
56,Amifanpridín,Amifanpridum
57,Amikacín,Amikacinum
58,Amilorid,Amiloridum
59,Aminofylín,Aminophyllinum
60,Aminokyselíny,Amino acida
61,Amiodarón,Amiodaronum
62,Amisulprid,Amisulpridum
63,Amitriptylín,Amitriptylinum
64,Amivantamab,Amivantamab
65,Amlodipín,Amlodipinum
66,Amorolfín,Amorolfinum
67,Amoxicilín,Amoxicillinum
68,Ampicilín,Ampicillinum
69,Amprenavir,Amprenavirum
70,Amsakrín,Amsacrinum
71,Amyláza,Amylasum
72,Amylmetakrezol,Amylmetacresolum
73,Anagrelid,Anagrelidum
74,Anakinra,Anakinrum
75,Anastrozol,Anastrozolum
76,Anatoxin difterický,Anatoxinum diphteriae
77,Anatoxín tetanický,Anatoxinum tetanii
78,Andexanet alfa,Andexanet alfa
79,Anetol,Anetolum
80,Angiotenzín II,Angiotenzin II
81,Anidulafungín,Anidulafunginum
82,Anifrolumab,Anifrolumabum
83,Antazolín,Antazolinum
84,Antigén tegmini hepetitídis,Tegmini hepetitidis antigeni
85,Antitrombín III,Antithrombinum III
86,Antitrypsín alfa,Antitrypsinum alfa
87,Apalutamid,Apalutamidum
88,Apixaban,Apixabanum
89,Apomorfín,Apomorphinum
90,Aprepitant,Aprepitantum
91,Aprotinín,Aprotininum
92,Arginín,Argininum
93,Aripiprazol,Aripiprazolum
94,Artesunát,Artesunatum
95,Artikaín,Articainum
96,Asciminib,Asciminib
97,Asenapín,Asenapinum
98,Asfotáza alfa,Asfotáza alfa
99,Askorbát sodný (Nátriumaskorbát),Natrium ascorbate
100,Asparagináza,Asparaginasum
101,Ataluren,null
102,Atazanavir,Atanazavirum
103,Atenolol,Atenololum
104,Atezolizumab,Atezolizumab
105,Atomoxetín,Atomoxetinum
106,Atorvastatín,Atorvastatinum
107,Atosiban,Atosibanum
108,Atovakvon,Atovaquonum
109,Atrakúrium,Atracurii Besilas
110,Atropín,Atropinum
111,Avakopan,Avakopan
112,Avalglukozidáza alfa,Avalglukozidaza alfa
113,Avanafil,null
114,Avapritinib,Avapritinibum
115,Avatrombopag,Avatrombopag
116,Avelumab,Avelumab
117,Avibaktám,Avibaktám
118,Axikabtagén-ciloleucel,Axikabtagén-ciloleucel
119,Axitinib,null
120,Azacitidín,Azacitidinum
121,Azatioprín,Azathioprinum
122,Azelastín,Azelastinum
123,Azilsartan medoxomil,null
124,Azitromycín,Azithromycinum
125,Aztreonám,Aztreonamum
126,Bacitracín,Bacitracinum
127,Baklofén,Baclofenum
128,Baloxavir-marboxil,Baloxavir-marboxil
129,Baricitinib,Baricitinib
130,Basiliximab,Basiliximabum
131,Bazedoxifen,Bazedoxifenum
132,BCG (Bacillus Calmette-Guérin) baktérie,Bacillus Calmette-Guérin baktérie
133,Bedachilín,null
134,Beklometazón,Beclometasonum
135,Belantamab-mafodotín,Belantamab-mafodotinum
136,Belatacept,Belatacept
137,Belimumab,Belimumab
138,Bemiparín,Bemiparinum
139,Bendamustín,null
140,Benfluorex,Benfluorexum
141,Benfotiamín (derivát vit.B1),Benfotiaminum
142,Benralizumab,Benralizumab
143,Benzalkónium (Brómfenak),Benzalkonium
144,Benzalkóniumchlorid,Benzalkonii Chloridum
145,Benzatín-benzylpenicilín,Benzahtini Benzylpenicillinum
146,Benzatín-fenoxymetylpenicilín,Benzatini Fenoxymetylpenicillinum
147,Benzododecínium,benzododecinii bromidum
148,Benzododecínium bromid,Benzododecinium Bromatum
149,Benzokaín,Benzocainum
150,Benzoxóniumchlorid,Benzoxonii Chloridum
151,Benzoylperoxid,Benzoilis peroxidum
152,Benzydamín,Benzydaminum
153,Benzylpenicilín,Benzylpenicillium
154,Berotralstat,Berotralstatum
155,Besilesomab,Besilesomab
156,Betahistín,Betahistinum
157,Betaín,Betainum
158,Betametazón,Betamethasonum
159,Betaxolol,Betaxololum
160,Betiatid,Betiadidum
161,Betulín (breza),Betulin
162,Bevacizumab,Bevacizumabum
163,Bexarotén,Bexarotenum
164,bez liečiva,unmedicated
165,Bezlotoxumab,Bezlotoxumab
166,Bibrokatol,Bibrocatholum
167,Bifidobacterium acidophilus,Bifidobacterium acidophillus
168,Bifonazol,Bifonazolum
169,Bikalutamid,Bicalutamidum
170,Biktegravir,Biktegravir
171,Bilastín,Bilastinum
172,Bimatoprost,Bimatoprostum
173,Bimekizumab,Bimekizumab
174,Binimetinib,Binimetinib
175,Biotín,Biotinum
176,Biperidén,Biperidenum
177,Bisakodyl,Bisacodylum
178,Bisoprolol,Bisoprololum
179,Bisulepín,Bisulepinum
180,Bleomycín,Bleomycinum
181,Blinatumomab,Blinatumomab
182,Borneol,Borneolum
183,Bortezomib,Bortezomibum
184,Bosentan,Bosetanum
185,Bosutinib,null
186,Botulotoxín typ A,Toxinum Botulinicum typum A
187,Brentuximab vedotin,null
188,Brexpiprazol,Brexpiprazolum
189,Brigatinib,Brigatinib
190,Brimonidín,Brimonidinum
191,Brinzolamid,Brinosolamidum
192,Brivaracetam,Brivaracetamum
193,Brivudín,Brivudinum
194,Brodalumab,Brodalumab
195,Brolucizumab,Brolucizumabum
196,Bromazepam,Bromazepamum
197,Bromelaín,null
198,Bromelín,Bromelinum
199,Bromhexín,Bromhexinum
200,Bromid karbetopendecínia,Karbetopendeciniumbromid
201,Bromokryptin,Bromcriptinum
202,Budezonid,Budesonidum
203,Bulevirtid,Bulevirtid
204,Bunky CD34+ kódujúcich gén ARSA,Bunky CD34+ kódujúcich gén ARSA
205,Bupivakaín,Bupivacainum
206,Buprenorfín,Buprenorphinum
207,Bupropion,Bupropionum
209,Buspirón,Buspironum
210,Busulfan,Busulfanum
211,Butamidol,Butamidolum
212,Butamirát,Butamiratum
213,Butokonazol,Butoconazolum
214,Butylskopolamín,Butylscopolaminum
215,Cabozantinib (S)-maleát,null
216,Cefadroxil,Cefadroxilum
217,Cefalexín,Cefalexinum
218,Cefazolín,Cefazolinum
219,Cefepim,Cefepimum
220,Cefiderokol,Cefiderocolum
221,Cefixim,Cefiximum
222,Cefoperazón,Cefoperazonum
223,Cefotaxim,Cefotaximum
224,Cefprozil,Cefprozilum
225,Ceftarolín fosamil,null
226,Ceftazidím,Ceftazidimum
227,Ceftizoxím,Cefizoximum
228,Ceftolozán,Ceftolozinum
229,Ceftriaxón,Ceftriaxonum
230,Cefuroxím,Cefuroximum
231,Celekoxib,Celecoxibum
232,Celiprolol,Celiprololum
233,Cemiplimab,Cemiplimab
234,Cenegermín,Cenegerminum
235,Cenobamát,Cenobamát
236,Cerebrolysin,Cerebrolysinum
237,Ceritinib,Ceritinib
238,Cerliponáza alfa,Cerliponáza alfa
239,Certolizumab pegol,Pegol Certolizumab
240,Cetirizín,Cetirizinum
241,Cetomakrogol,Cetomakrogolum
242,Cetrorelix,Cetrorelixum
243,Cetuximab,Cetuximabum
244,Cetylpyridín,Cetylpyridinium
245,Cetylstearylaikohol,Alcoholum cetylstearinicum
246,Chinagolid,Quinagolidum
247,Chlorambucil,Chloralbucilum
248,Chloramfenikol,Chloramphenicolum
249,Chlórcresol,Chlorcresolum
250,Chlórdiazepoxid,Chlordiazepoxidum
251,Chlórfenamín,Chlorphenaminum
252,Chlórhexidín,Chlorhexidinum
253,Chlorid draselný,Kalium chloratum
254,Chlorid galitý (68Ga),chlorid galitý (68Ga)
255,Chlorid germaničitý (68Ge),Chlorid germaničitý (68Ge)
256,Chlorid hlinitý,Aluminium chloratum
257,Chlorid horečnatý,Magnesium chloratum
258,Chlorid manganatý,Manganum (III) chloratum
259,Chlorid meďnatý,Cuprum (III) chloratum
260,Chlorid radnatý (223Ra),null
261,Chlorid sodný,Natrium chloratum
262,Chlorid vápenatý,Calcium chloratum
263,Chlorid železnatý,Ferrum chloratum
264,Chlorid zinočnatý,Zincum chloratum
265,Chloristan draselný,Kalium chloridum
266,Chlórmadinón,Chlormadinonum
267,Chlórmetín,Chlormethinum
268,Chlórprokaín,Chloroprocainum
269,Chlórprotixén,Chlorprothixenum
270,Chlórtalidon,Chlortalidonum
271,Cholekalciferol (vit.D3),Cholekaciferolum (vit. D3)
272,Chondroitínsulfát,Chondroitin Sulfate
273,Choriový gonadotropín,Gonadotrophinum Chorionicu
274,Chymotrypsín,Chymotrypsinum
275,Ciklezonid,Ciclesonidum
276,Ciklopirox,Ciclopiroxum
277,Ciklopiroxolamín,Ciclopiroxolamin
278,Cilastatín,Cilastatinum
279,Cilgavimab,Cilgavimab
280,Cilostazol,Cilostazolum
281,Ciltakabtagén-autoleucel,Ciltakabtagén-autoleucel
282,Cinakalcet,Cinacalcetum
283,Cinarizín,Cinarizinum
284,Cinchokaín,Cinchocainum
285,Cineol,Cineolum
286,Cinolazepam,Cinolazepamum
287,Cipaglukozidáza alfa,Cipaglukozidáza alfa
288,Ciprofloxacín,Ciprofloxacinum
289,Citalopram,Citalopramum
290,Citrát sodný,null
291,Citronan draselný,Kalium citratum
292,Citronan sodný,Natrii citras anhydricus
293,C-močovina,C-urea
294,Cyklofosfamid,Cyclophosphamidum
295,Cyklosporín,Ciklosporín
296,Cyproheptadín,Cyproheptadinum
297,Cyproterón,Cyproteronum
298,Cytarabín,Cytarabicum
299,Cytizín,Cytisinum
300,Dabigatran,Dabigabatranetexilatum
301,Dabrafenib,null
302,Dakarbazin,Dacarbazinum
303,Dakomitinib,Dakomitinib
304,Dalbavancín,Dalbavancinum
305,Dalteparín,Dalteparinum
306,Danazol,Danazolum
307,Dapagliflozín,null
308,Dapoxetín,null
309,Dapsón,Dapsonum
310,Daptomycín,Daptomycinum
311,Daratumumab,Daratumumab
312,Darbepoetín alfa,Darbepoetoninum alfa
313,Daridorexant,Daridorexant
314,Darifenacín,Darifenacinum
315,Darolutamid,Darolutamidum
316,Darunavir,Darunavirum
317,Darvadstrocel,Darvadstrocel
318,Dasabuvir,null
319,Dasatinib,Dasatinibum
320,Daunorubicín,Daunorubicinum
321,Decht kamenouholný,Pix lithantracis
322,Decitabín,Decitabinum
323,Deferazirox,Deferasiroxum
324,Deferiprón,Deferipronum
325,Defibrotid,Defibrotidum
326,Degarelix,Degarelix
327,Dekalínium,Dequalinium
328,Dektaflur,Dektaflurum
329,Delafloxacín,Delafloxacinum
330,Delamanid,null
331,Denosumab,Denosumab
332,Desflurán,Desfluranum
333,Desloratadín,Desloratadinum
334,Desmopresín,Desmopressinum
335,Deukravacitinib,Deukravacitinib
336,Dexametazón,Dexamethasonum
337,Dexibuprofén,Dexibuprofenum
338,Dexketoprofén,Dexketoprofenum
339,Dexmedetomidín,Dexmedetomidinum
340,Dexpantenol,Dexpanthenolum
341,Dexrazoxan,Dexrazoxanum
342,Dextriferón,Dextriferronum
343,Dextrometorfán,Dextromethorphanum
344,Dezloratadín,Desloratadinum
345,Dezogestrel,Desogestrelum
346,Diacereín,Diacerinum
347,Diazepam,Diazepamum
348,Dibotermín alfa,Diboterminum alfa
349,Dichlorbenzénmetanol,Metanolum dichlorbenzenum
350,Dichlorbenzylalkohol,Alcohol benzylicum dichloratum
351,Dienogest,Dienogestum
352,Dietylaminsalicylát,Dietylaminsalicylatum
353,Difelikefalín,Difelikefalinum
354,Difenhydramín,Difenhydraminum
355,Difenoxín,Difenoxinum
356,Difenoxylát,Diphenoxylatum
357,Digoxín,Digoxinum
358,Dihydrát chloridu vápenatého,Calcium chloratum dihydricum
359,Dihydrát šťavelanu železnatého,Ferrumoxalicum dihydratum
360,Dihydroartemisinín,null
361,Dihydrogenfosforečnan sodný,Natrium dihydrogenfosforicum
362,Dihydrokodeín,Dihydrocodeinum
363,Diklofenak,Diclofenacum
364,Diltiazem,Diltiazemum
365,Dimenhydrinát,Dimenhydrinatum
366,Dimetikon (dimetylpolysiloxan),Dimeticonum
367,Dimetindén,Dimetindenum
368,Dimetylfumarátu (dimethyl fumarate),null
369,Dinátriumpikosulfát,Pikosulfát dinatrium
370,Dinoprostón,Dinoprostonum
371,Dinutuximab,Dinutuximab
372,Diosmektit,Diosmecticum
373,Diosmín,Diosminum
374,Diozmín,Diozminum
375,Diplococcus pneumonie,Diplococcus pneumoniae
376,Diroximel-fumarát,Diroximel-fumaratum
377,Distigmín,Distigminum
378,Dobesilan vápenatý,Calcii Dobesilas
379,Dobutamín,Dobutaminum
380,Docetaxel,Docetaxelum
381,Dolutegravir,null
382,Domperidón,Domperidonum
383,Donepezil,Donepezilum
384,Dopamín,Dopaminum
385,Doravirín,Doravirinum
386,Dormosum alfa,Dormosum alfa
387,Dorzolamid,Dorzolamidum
208,Burosumab,Burosumab
388,Dostarlimab,Dostarlimab
389,Dosulepín,Dosulepinum
390,Doxazosín,Doxazosinum
391,Doxorubicín,Doxorubicinum
392,Doxycyklín,Doxycyclinum
393,Doxylamín,Doxylaminum
394,Draslík,Kalium
395,Dronedarón,Dronedarone
396,Dropropizín,Droprropizinum
397,Drospirenón,Drospirenonum
398,Drotaverín,Drotaverinum
399,Duloxetín,Duloxetinum
400,Dupilumab,Dupilumab
401,Durvalumab,Durvalumab
402,Dusík,Nitrogenium
403,Dutasterid,Dutasteridum
404,Duvelizib,Duvelizib
405,Dydrogesterón,Dydrogesetronum
406,Echinacea,Echinacea
407,Edotreotid značený gáliom (68Ga),null
408,Edoxaban,Edoxaban
409,Efavirenz,Efavirenzum
410,Efedrín,Ephedrinum
411,Efgartigimod alfa,Efgartigimod alfa
412,Eflornitín,Eflornithinum
413,Ekonazol,Econazolum
414,Ekulizumab,Ekulizumab
415,Eladokagen-exuparvovek,Eladokagen-exuparvovek
416,Elbasvir,Elbasvir
417,Eletriptán,Eletriptanum
418,Elexakaftor,Elexakaftor
419,Eliglustat,null
420,Elosulfáza alfa,null
421,Elotuzumab,Elotuzumab
422,Eltrombopag,Eltrombopag
423,Elvitegravir,null
424,Emedastín,Emedastinum
425,Emicizumab,Emicizumab
426,Empagliflozín,null
427,Emtricitabín,Emtricitabinum
428,Enalapril,Enalaprilum
429,Enfortumab-vedotín,Enfortumab-vedotín
430,Enfuvírtid,Enfuvirtidum
431,Enkorafenib,Enkorafenib
432,Enoxaparín,Enoxaparinum
433,Entakapón,Entacaponum
434,Entekavir,Entecavirum
435,Entrektinib,Entrektinib
436,Enzalutamid,null
437,Epinastín,Epinastinum
438,Epinefrín (Adrenalín),Epinephrinum
439,Epirubicín,Epirubicinum
440,Eplerenón,Eplerenonum
441,Epoetín alfa,Epoetinum alfa
442,Epoetín beta,Epoetín beta
443,Epoetín theta,Theta Epoetin
444,Epoetín zeta,Epoetín zeta
445,Epoprostenol,Epoprostenolum
446,Eptakog-alfa aktivovaný,Eptacog Alfa (activatum)
447,Eptifibatid,Eptifibatidum
448,Eptinezumab,Eptinezumabum
449,Eravacyklín,Eravacyklinum
450,Erdosteín,Erdosteinum
451,Erenumab,Erenumab
452,Ergokalciferol (vit.D2),Ergocalciferolum
453,Eribulín,Eribullinum
454,Erlotinib,Erlotinibum
455,Ertapeném,Ertapenemum
456,Ertugliflozín,Ertugliflosinum
457,Erytromycín,Erythromycinum
458,Erytropoetín,Erythropoietimum
459,Escherichia,Escherichia
460,Escín,Aescinum
461,Escitalopram,Escitalopramum
462,Esenciálne fosfolipidy,Phospholipida essentialle
463,Esketamín,Escetaminum
464,Eskulin,Esculinum
465,Eslikarbazepín,Eslikarbazepinum
466,Esmolol,Esmololum
467,Estetrol (slabý estrogén),Estetrol
468,Estradiol,Estradiolum
469,Estriol,Estriolum
470,Eszopikon,Eszopiclonum
471,Etambutol,Ethambutolum
472,Etamifylín,Etamiphyllinum
473,Etamsylát,Etamsylatum
474,Etanercept,Etanerceptum
475,Etanol,Ethanolum
476,Etelkalcetid,Etelkalcetidum
477,Etinylestradiol,Ethinylestradiolum
478,Etofenamát,Etofenamatum
479,Etofylín,Etofyllinum
480,Etonogestrel,Etonogestrel
481,Etopozid,Etoposidum
482,Etorikoxib,Etorikoxib
483,Etosuximid,Ethosuximidum
484,Etranakogén-dezaparvovek,Etranakogén-dezaparvovek
485,Etravirin,Etravirinum
486,Etyltelotristát,Etyltelotristatum
487,Everolím,Everolimusum
488,Evinakumab,Evinakumab
489,Evitegravir,null
490,Evolokumab,null
491,Exametazím,Exametazimum
492,Exemestán,Exemestanum
493,Exenatid,Exenatidum
494,Extrakt alergénov,Extractum Alergena
495,Extrakt anízu,null
496,Extrakt Arachis hypogaea L. (podzemnica,Arachis hypogaea L
497,Extrakt brečtanový (hedere helix),Extractum hederae helicis
498,Extrakt cibuľový,Extractum Alli cepi
499,Extrakt koreň ligurčeka,null
500,Extrakt koreňa ibiša lekárskeho,null
501,Extrakt koreňa ihlice,Ononidis radix
502,Extrakt koreňa muškátu,Pelargonium sidoides
503,Extrakt levanduly lekárskej,null
504,Extrakt listnatca trnitého,Rusci aculeati extractum siccum
505,Extrakt listu ortosifónu,Orthosiphonis folium
506,Extrakt medovky lekárskej,Extractum Melissae folii
507,Extrakt ostrožiny malinovej,Extrakt Rubus idaeus
508,Extrakt Rhodiola rosea,Rhodiola rosea
509,Extrakt rumančekový,Extractum Chamomilae
510,Extrakt senna acutifoliae,Extract sennae acutifoliae
511,Extrakt skorocelový,null
512,Extrakt sladkovky,null
513,Extrakt tymiánový,null
514,Extrakt valeriána,null
515,Extrakt vňať zemežlče,null
516,Extrakt z buniek kvasníc,null
517,Extrakt z konopy,null
518,Extrakt z koreňa ligurčeka lekárskeho,null
519,Extrakt z koreňa prvosienky,null
520,Extrakt z kôry nadobličky,null
521,Extrakt z lístkov zeleného čaju,null
522,Extrakt z listu rozmarínu,null
523,Extrakt z materinej dúšky,Extract thymi
524,Extrakt z mäty,null
525,Extrakt z plodov agni,null
526,Extrakt z plodov papriky,Fructus extractum
527,Extrakt z plodov vitex jahňací,null
528,Extrakt z ploštičníka strapcovitého,null
529,Extrakt z rozmarínu lekárskeho,null
530,Extrakt z zemežlče menšej,null
531,Ezetimib,Ezetimibum
532,Ezomeprazol,Esomeprasolum
533,Famciklovir,Famciclovirum
534,Famotidín,Famotidinum
535,Fampridín,Fampridinum
536,Faricimab,Faricimab
537,Febuxostát,Febuxostatum
538,Fedratinib,Fedratinib
539,Felodipín,Felodipinum
540,Fenchón,Phenchonum
541,Fenfluramín,Fenfuraminum
542,Fenipentol,Fenipentolum
543,Feniramín,Pheniraminum
544,Fenobarbital,Phenobarbitalum
545,Fenofibrát,Fenofibratum
546,Fenoterol,Fenoterolum
547,Fenoxyetanol,Fenoxyetanolum
548,Fenoxymetylpenicilín,Phenoxymethylpenicillinum
549,Fenpiverín,Fenpiverinum
550,Fentanyl,Fentanylum
551,Fentikonazol,Fenticonazolum
552,Fenylalanín,Phenylalaninum
553,Fenylefrín,Phenylephrinum
554,Fenytoín,Phenytoinum
555,Ferum (II) - fumarát,Ferrosi Fumaras
556,Fesoterodín,Fesoterodinum
557,Fexofenadín,Fexofenadinum
558,Fibrinogén humánny,Fibrinogenum humanum
559,Fibronektín,Fibronektín
560,Fidaxomicín,null
561,Filgotinib,Filgotinibum
562,Filgrastim,Filgrastimum
563,Finasterid,Finasteridum
564,Finerenón,Finerenonum
565,Fingolimod,Fingolimodum
566,Flekainid,Flecainidum
567,Florbetaben (18F),null
568,Florbetapir (18F),null
569,Fluciklovín,Fluciklovinum
570,Fludarabín,Flubendazolum
571,Fludeoxyglukóza (18F),Fludeoxyglucosum
572,Flufenazín,Fluphenazinum
573,Flukloxacilín,Flucloxacillinum
574,Flukonazol,Fluconazolum
575,Flumazenil,Flumazenilum
576,Fluocinolónacetonid,Flucinoloni Acetonidum
577,Fluokortín,Flucortinum
578,Fluokortolón,Flucortolonum
579,Fluoresceín,Fluoresceinum
580,Fluorid sírový,Sulfur hexafluoride
581,Fluorid sodný,Natrium fluoridum
582,Fluorid sodný (18F),Natrium fluoridum (18F)
583,Fluórmetylcholín (18F),null
584,Fluórometolón,Fluorometholonum
585,Fluórouracil (5-FU),Fluorouracilum
586,Fluoxetín,Fluoxetinum
587,Flupentixol,Flupentixolum
588,Flurbiprofén,Flubiprofenum
589,Flutikazón,Fluticasonum
590,Flutrimazol,Flutrimazolum
591,Fluvastatin,Fluvastatinum
592,Fluvoxamín,Fluvoxaminum
593,Folitropín-alfa,Follitropinum Alfa
594,Folitropín-beta,Follitropinum Beta
595,Folitropín-delta,Folitropinum-delta
596,Fondaparinux,Fondaparinuxum
597,Formoterol,Formoterolum
598,Fosamprenavír,Fosamprenavirum
599,Fosaprepitant,Fosaprepitant
600,Fosfolipidy vaječné,Phospholipida ovuli
601,Fosfomycín,Fosfomycinum
602,Fosfor,Phosphorum
603,Fosforečnan sodný,Natrium Phosphoricum
604,Foskarnet,Foscarnetum
605,Fostamatinib,Fostamatinibum
606,Fostemsavir,Fostemsavir
607,Fotemustín,Fotemustinum
608,Fozdenopterín,Fozdenopterin
609,Fozinopril,Fosinoprilum
610,Frangulaemodín,Frangulaemodinum
611,Fremanezumab,Fremanezumab
612,Frovatriptán,Frovatriptanum
613,Fulvestrant,Fulvestrantum
614,Furosemid,Furosemidum
615,Fytomenadión (vit.K),Phytomenadionum
616,Gabapentín,Gabapentinum
617,Gadobutrol,Gadobutrolum
618,Gadoteridol,Gadoteridolum
619,Gáfor,Camphora
620,Galan bismutitý (Bizmutsubgalát),Bismutum galicum
621,Galantamín,Galantaminum
622,Galkanezumab,Galkanezumab
623,Galsulfáza,Galsulfáza
624,Ganciklovir,Ganciclovirum
625,Ganirelix,Ganirelixum
626,Gefitinib,Gefitinibum
627,Gelatin,Gelatina
628,Gemcitabín,Germcitabinum
629,Gemtuzumab,Gemtuzumabum
630,Gentamicín,Gentamicinum
631,Gestodén,Gestagenum
632,Gilteritinib,Gilteritinib
633,Gimeracil,Gimeracilum
634,Ginkgo biloba,Ginkgo biloba
635,Givosiran,Givosiranum
636,Glasdegib,Glasdegib
637,Glatirameracetát,Glatirameracetatum
638,Glecaprevir,Glecaprevir
639,Glibenklamid,Glibenclamidum
640,Glichidón (Gliquidón),Gliquidonum
641,Gliklazid,Gliclazidum
642,Glimepirid,Glimepiridum
643,Glipizid,Glipizidum
644,Glukagón,Glucagonum
645,Glukarpidáza,Glukarpidaza
646,Glukónan sodný,Natrium gluconicum
647,Glukónan vápenatý (Kalciumglukonát),Calcii gluconas
648,Glukóza,Glucosum
649,Glukózamín,Glucosaminum
650,Glycerol,Glycerolum
651,Glycerolfenylbutyrát,Glycerolfenylbutyrát
652,Glyceroltrinitrát (Nitroglycerín),Glyerolum trinitricum
653,Glykopyrónium,Glycopyrronium
654,Glykozamínoglykan,Glycosaminoglycanum
655,Golimumab,Golimumab
656,Goserelín,Goserelinum
657,Gozetotid,Gozetotid
658,Granisetrón,Granisetrolum
659,Grazoprevir,Grazoprevir
660,Guajazulén,Guajazulenum (PH)
661,Guajfenezín,Guaifenesinum
662,Guanfacín,Guanafacinum
663,Guselkumab,Guselkumab
664,Haemophilus influenzae,Haemophilus influenzae
665,Haloperidol,Haloperidolum
666,Hélium,Helium
667,Heparín,Heparinum
668,Heparinoid,Heparinoidum
669,Hesperidín,Hesperidinum
670,Hexamidín,Hexamidinum
671,Hexetidín,Hexetidinum
672,Histamíniumdichlorid,Histamíniumdichlorid
673,Horčík,Magnesium
674,Hormón prištítnych teliesok,null
675,Hydrochlorid kyseliny glutámovej,Glutamic acid hydrochloride
676,Hydrochlorid sodný,Natrium hydrochloridum
677,Hydrochlorotiazid,Hydrochlorothiazidum
678,Hydrogenuhličitan draselný,Kalii hydrogencarbonas
679,Hydrogenuhličitan sodný,Natrium Hydrocarbonicum
680,Hydrokortizón,Hydrocortisonum
681,Hydromorfón,Hydromorphonum
682,Hydrotalcit,Hydrotalcitum
683,Hydroxid draselný,Kalium hydroxidatum
684,Hydroxid hlinitý,Aluminium hydroxydatum
685,Hydroxid horečnatý,Magnesium hydroxydatum
686,Hydroxokobalamín,Hydroxocobalaminum
687,Hydroxyapatit,Hydroxyapatitum
688,Hydroxychlorochín,Hydroxychloroquinum
689,Hydroxyethylstarch (Hydroxyetylškrob),Hydroxyethyl starchum
690,Hydroxykarbamid,Hydroxycarbamidum
691,Hydroxyzín,Hydroxyzinum
692,Hymekromón,Hymecromonum
693,Ibritumomab-tiuxetan,Ibritumomabum Tiuxetanum
694,Ibuprofén,Ibuprofenum
695,Ichtamol,Ichtamolum
696,Idanpramín,Idenpraminum
697,Idarubicín,Idarubidicin
698,Idarucizumab,Idarucizumab
699,Idebenón,Idebenonum
700,Idekabtagén-vikleucel (CAR+ životaschopné T bunky),null
701,Idursulfáza,Idursulfazeum
702,Ifosfamid,Ifosfamidum
703,Ikatibant,Ikatibant
704,Ikodextrín,Icodextrinum
705,Ikosapentetyl,Ikosapentetyl
706,Iloprost,Iloprostum
707,Imatinib,Imatinibum
708,Imdevimab,Imdevimab
709,Imichimod,Imiquimodum
710,Imidapril,Imidaprilum
711,Imigluceráza,Imiglucerasum
712,Imipeném,Imipenemum
713,Imipramín,Imiopraminum
714,Imlifidáza,Imlifidáza
715,Imunoglobulín antitymocytový (králičí),Immunoglobulinum antithymocytarum cuniculum
716,Imunoglobulín ľudský anti-D (Rh),Immunoglobulinum humanum anti-D (Rh)
717,Imunoglobulín ľudský normálny,Immunoglogulinum humanum normae
718,"Imunoglobulín proti tetanu,ľudský",Immunoglobulinum tetanicum humanum
719,Indakaterol,Indakaterolum
720,Indapamid,Indapamidum
721,Indium (111 In) kapromab pendetid,Indium
722,Indobufén,Indobufenum
723,Indometacín,Indometacinum
724,Inebilizumab,Inebilizumab
725,Infliximab,Infiximabum
726,Inhibítor C1 esterázy human,Human C1 esterase inhibitor
727,Inklisiran,Inklisiran
728,Inotersen,Inotersenum
729,Inotuzumab,Inotuzumab
730,"Inozín ( inozín pranobex,metisoprinol, inoziplex)",Inosinum
731,Interferón beta-1a,Interferon beta-1a
732,Interferón beta-1b,Interferon beta-1b
733,Inzulín aspárt,Insulinum Aspartarum
734,Inzulín degludek,null
735,Inzulín detemíru,Insulinum Determirum
736,Inzulín glargin,Insulinum Galarginum
737,Inzulín glulisín,Insulinum Glulisinum
738,Inzulín humánny,Insulinum humanum
739,Inzulín humánny izofán,Insulin isophane human
740,Inzulín-lispro,Insulinum Lisprum
741,Ipidakrín,Ipidakrinum
742,Ipilimumab,Ipilimumab
743,Ipratrópiumbromid,Ipratropium
744,Irbesartán,Irbesartanum
745,Irinotekán,Irnotecanum
746,Isavukonazol,Isavukonazolum
747,Itoprid,Itopridum
748,Itrakonazol,Itraconazolum
749,Ivabradín,Ivabrandinum
750,Ivakaftor,Ivacaftorum
751,Ivermektín,Ivermrctinum
752,Ixazomib,Ixazomib
753,Ixekizumab,Ixekizumab
754,Izatuximab,Izatuximabum
755,Izoflurán,Isofuranum
756,Izoleucín,Isoleucinum
757,Izoniazid,Isoniazidum
758,Izosorbiddinitrát,Isosorbidi Dinitras
759,Izosorbidmononitrát,Isosorbidi Mononitras
760,Izotretinoín,Isotretinoinum
761,Jobenguan (123l),Iobenquanum 123I
762,Jód jofetamín (123l),Iodum iofetamin 123I
763,Jód joflupan (123l),Iodum ioflupanum 123I
764,Jodid draselný,Kalium iodatum
765,Jodid sodný,Natrium iodatum
766,Jodid sodný (131I),Natrium iodatum 131I
767,Jodixanol,Iodixanolum
768,Jódpovidón,Iodpovidonum
769,Joflupán (123I),Joflupán (123I)
770,Johexol,Iohexolum
771,Jomeprol,Iomeprolum
772,Jopamidol,Iopamidolum
773,Jopromid,Iopromidum
774,Joversol,Ioversolum
775,Kabazitaxel,Cabazitaxel
776,Kabergolín,Cabergolinum
777,Kabotegravir,Kabotegravirum
778,Kalcifediol (forma vit. D),Kalcifediolum
779,Kalcipotriol (derivát vit. D3),Calcipotriolum
780,Kalciumfolinát,Calcii Folinas
781,Kalciumglukonát,Calcii Gluconas
782,Kalciumlaktoglukonát,null
783,Kalciumsacharát,Calcii saccharas
784,Kamfén,null
785,Kanabidiol,null
786,Kanagliflozín,null
787,Kanakinumab,null
788,Kanamycín,Kanamycinum
789,Kandesartan,Candesartanum
790,Kangrelor,Kangrelorum
791,Kapecitabín,Capecitabinum
792,Kaplacizumab,Kaplacizumab
793,Kapmatinib,Kapmatinib
794,Kapsaicín,Capsaicinum
795,Kaptopril,Captoprilum
796,Karbamazepín,Carbamazepinum
797,Karbenicilín,Carbenicillinum
798,Karbetocín,Carbetocinum
799,Karbetopendecíniumbromid,Carbetopendeciniumbromidum
800,Karbidopa,Carbidopum
801,Karbomér,Carbomerum
802,Karboplatina,Carboplatinum
803,Karboprost,Carboprostum
804,Karfilzomib,Karfilzomib
805,Kariprazín,Kariprazinum
806,Karmustín,Carmustinum
807,Karteolol,Carteololum
808,Karvedilol,Carvedilol
809,Kaspofungín,Caspofunginum
810,Kazirivimab,Kazirivimab
811,Ketamín,Ketaminum
812,Ketokonazol,Ketokonazolum
813,Ketoprofén,Ketoprofenum
814,Ketorolak,Ketorolacum
815,Ketotifén,Ketotifenum
816,Kladribín,Cladribinum
817,Klaritromycín,Clarithromycinum
818,Klebsiela pneumoniae,Klebsiela pneumoniae
819,Klindamycín,Clindamycinum
820,Klobazam,Clobasamum
821,Klobetazol,Clobetazolum
822,Klofarabín,Clofarabinum
823,Klomifén,Clomifenum
824,Klomiféncitrát,null
825,Klomipramín,Clomipraminum
826,Klopidogrel,Clopidogrelum
827,Kloroxín,Cloroxinum
828,Klotrimazol,Clotrimazolum
829,Klozapín,Clozapinum
830,Koagulačný faktor II,Factor coagulatus II
831,Koagulačný faktor IX,Factor coagulatus IX
832,Koagulačný faktor VII,Factor coagulatus VII
833,Koagulačný faktor VIII,Factor coagulatus VIII
834,Koagulačný faktor X,Factor coagulatus X
835,Koagulačný faktor XIII (Katridekakog),Factor coagulatus XIII
836,Kobicistát,null
837,Kobimetinib,Kobimetinib
838,Kodeín,Codeinum
839,Kofeín,Coffeinum
840,Kolagén,Collagenum
841,Kolchicín,Colchicinum
842,Kolesevelam,Colesevelamum
843,Kolistín,Colistinum
844,Konestat alfa,null
845,Konjugované estrogeny,Aestrogena coniugata
846,Korifolitropín alfa,null
847,Kostival cizí,null
848,Kreatinolfosfát,Creatinolfosfatum
849,Krizanlizumab,Krizanlizumab
850,Krizotinib,null
851,Kryptón (81Kr) plyn,Krypton (81Kr) aerosol
852,Kurkumový koreň,null
853,Kvetiapín,Quetiapinum
854,Kvinapril,Quinaprilum
855,Kyanokobalamín (vit.B12),Cyanocobalaminum
856,Kyselina acetylsalicylová,Acidum Acetylosalicylicum
857,Kyselina alendrónová,Acidum Alendronicum
858,Kyselina alginová,Acidum Alginicum
859,Kyselina amidotrizoová,Acidum Amidotrizoicum
860,Kyselina aminolevulínová,Acidum Aminolevulinicum
861,Kyselina aminosalicylová,Acidum aminosalicylicum
862,Kyselina azelaová,Acidum Acelaicum
863,Kyselina bempedoová,Acidum Bempedum
864,Kyselina boritá,Acidum Boricumi
865,Kyselina chenodeoxycholová,Acidum Chenodeoxycholicum
866,Kyselina cholová,null
867,Kyselina citrónová,Acidum citricum anhydricum
868,Kyselina deoxycholová,null
869,Kyselina diklofenaková,Acidum diclofenacum
870,Kyselina fusidová,Acidum Fusidicum
871,Kyselina gadoterová,Acidum Gadotericum
872,Kyselina hyalurónová,Acidum Hyaluronicum
873,Kyselina hydroxymaslová,Acidum hydroxybutiricum
874,Kyselina ibandrónová,Acidum Ibandronicum
875,Kyselina karglumová,Acidum Carglumicum
876,Kyselina klavulánová,Acidum Clavulanicum
877,Kyselina kremičitá,Silica
878,Kyselina kromoglyková (kromoglykan sodný),Acidum Cromoglicicum
879,Kyselina L-askorbová (vit.C),Acidum Ascorbicum
880,Kyselina levofolínová,Acidum Levofolinum
881,Kyselina linolénová,Acidum Linolenicum
882,Kyselina listová,Acidum Folicum
883,Kyselina mliečna,Acidum Lacticum
884,Kyselina mykofenolová,Acidum Mycophenolicum
885,Kyselina obeticholová,Acidum obeticholic
886,Kyselina pamidrónová,Acidum Pamidronicum
887,Kyselina pantotenová,Acidum Pantothenicum
888,Kyselina rizedrónová,Acidum risedronicum
889,Kyselina salicylová,Acidum Salicylicum
890,Kyselina tioktová (alfa-lipoová),Acidum Thiocticum
891,Kyselina tranexámová,Acidum tranexamicum
892,Kyselina ursodeoxycholínová,Acidum ursodeoxycholinicum
893,Kyselina valproová (valproát ),Acidum Valproicum
894,Kyselina zoledrónová,Acidum zelodronicum
895,Kyslík,Oxygenium
896,Lacidipín,Lacidipinum
897,Lakozamid,null
898,Laktobacilový ferment,null
899,Laktulóza,Lactulosum
900,Lamivudín,Lamivudinum
901,Lamotrigín,Lamotriginum
902,Lanadelumab,Lanadelumab
903,Landiolol,Landiololum
904,Lanreotid,Lanreotidum
905,Lansoprazol,Lansoprazolum
906,Lantán-karbonát (Uhličitan lantanatý),Lanthanum Carbonate
907,Lapatinib,null
908,Laronidáza,Laronidasum
909,Larotrektinib,Larotrektinib
910,Lasmiditan,Lasmiditanum
911,Latanoprost,Latanoprostum
912,Lauromakrogol,null
913,Laurylsulfát,null
914,Ledipasvir,Ledipasvir
915,Lefamulín,Lefamulinum
916,Leflunomid,Leflunomidum
917,Lenakapavir,Lenakapavir
918,Lenalidomid,null
919,Lenvatinib,null
920,Lerkanidipín,Lercanidipinum
921,Letermovir,Letermovir
922,Letrozol,Letrozolum
923,Leucín,null
924,Leuprorelín,Leuprorelinum
925,Levetiracetam,Levetiracetamum
926,Levobupivakaín,Levobupivacainum
927,Levocetirizín,Levocetrizinum
928,Levodopa,Levodopum
929,Levodropropizín,Levodropropizinum
930,Levofloxacín,Levofloxacinum
931,Levokabastín,Levocabastinum
932,Levokarnitín,Levocarnitinum
933,Levomentól,Levomentholum
934,Levomepromazín,Levomepromazinum
935,Levonorgestrel,Levonorgestrelum
936,Levosimendan,Levosimendanum
937,Levotyroxín,Levothyroxinum
938,Lidokain,Lidocainum
939,Linagliptín,null
940,Linaklotid,null
941,Linezolid,Linezolidum
942,Linzagolix,Linzagolix
943,Lipáza,null
944,Lipegfilgrastim,null
945,Lipidy,null
946,Liraglutid,null
947,Lisinopril,Lisinoprinum
948,Litropín-alfa,null
949,Lixisenatid,null
950,Lizinopril,Lisinoprilum
951,Lizokabtagén-maraleucel,Lizokabtagén-maraleucel
952,L-kyselina jablčná,null
953,Lomitapid,null
954,Lonafarnib,Lonafarnib
955,Lonapegsomatropin,Lonapegsomatropinum
956,Lonkastuximab,Lonkastuximab
957,Loperamid,Loperamidum
958,Lopinavir,Lopinavirum
959,Loratadín,Loratadinum
960,Lorlatinib,Lorlatinib
961,Lornoxikám,Lornoxicanum
962,Losartan,Losartanum
963,Loteprednol,Loteprednolunm
964,Lovastatin,Lovostatinum
965,Loxapín,Loxapinum
966,Ľubovník bodkovaný,Hyerici perforati
967,Ľudský hemín,null
968,Ľudský von Willebrandov faktor,null
969,Lumakaftor,Lumakaftor
970,Lumasiran,Lumasiran
971,Lurazidon,null
972,Luspatercept,Luspaterceptum
973,Lusutrombopag,Lusutrombopag
974,Lutropín alfa (luteinizačny hormón),Lutropinum Alfa
975,Lyofilizovaný dialyzát leukocytov,null
976,Lyzát antistafylokokový fágový,Lyzatum fagum antistafylococus
977,Lyzát Escherichia coli,null
978,Lyzín,Lysinum
979,Macimorelín,Macimorelinum
980,Macitentan,null
981,Magnésiumhydrogénaspartát,null
982,Magnésiumsalicylát,null
983,Makrogol,null
984,Malatión,Malathionum
985,Manitol,Mannitolum
986,Maprotilín,Maprotilinum
987,Maralixibát,Maralixibát
988,Maravirok,null
989,Maribavir,Maribavir
990,Mebendazol,Mebendazolum
991,Mebeverín,Mebeverinum
992,Medazepam,Medazepamum
993,Medroxyprogesterón,Medroxyprogesteronum
994,Mefenoxalón,Mephenoxalonum
995,Megestrol,Megestrolum
996,Mekasermín,Mecaserminum
997,Melatonín,null
998,Meldón,Meldonum
999,Melfalán,null
1000,Meloxikam,Meloxicamum
1001,Memantín,Memantinum
1002,Menotropín (hCG),null
1003,Mentol,Mentolum
1004,Mentón,null
1005,Mepivakaín,Mepivacainum
1006,Mepolizumab,Mepolizumab
1007,Merkaptamín,Mercaptaminum
1008,Merkaptopurín,Mercaptopurinum
1009,Meropeném,null
1010,Mesalazín,Mesalazinum
1011,Mesna,Mesnum
1012,Metadón,null
1013,Metamizol,Metamizolum
1014,Metformín,Metforminum
1015,Metformín so sulfonamidmi,null
1016,Metoklopramid,Metoclopramidum
1017,Metoprolol,Metoprololum
1018,Metotrexát,Methotrexatum
1019,Metoxyflurán,Methoxyfluranum
1020,Metoxypolyetylénglykol epoetín beta,null
1021,Metreleptin,Metreleptin
1022,Metreleptín,Metreleptinum
1023,Metronidazol,Metronidazolum
1024,Metylaminolevulinát chlorid,null
1025,"Metyldopa D, L","Methyldopum D, L"
1026,Metylfenidát,Methylphenidatum
1027,Metylnaltrexon bromid,Metylnaltrexóniumbromid
1028,Metylparabén,null
1029,Metylprednizolón,Methylprednisolonum
1030,Metyltioníniumchlorid,Methylthioninium Chloride
1031,Metyrapon,Metyraponum
1032,Mexiletín,Mexiletinum
1033,Mianserín,Mianserinum
1034,Midazolam,Midazolamum
1035,Midostaurín,Midostaurinum
1036,Mifamutid,Mifamutidum
1037,Migalastát,Migalastát
1038,Miglustat,Miglustatum
1039,Mikafungín,null
1040,Milrinón,Milrinonum
1041,Minoxidil,Minoxidilum
1042,Mirabegron,null
1043,Mirtazapín,Mirtazapinum
1044,Misoprostol,Misoprostolum
1045,Mitapivát,Mitapivatum
1046,Mitomycín,Mitomycinum
1047,Mitotán,Mitotanum
1048,Mitoxantrón,Mitoxantronum
1049,Mliečnan draselný,null
1050,Mliečnan horečnatý (Magnéziumlaktát),null
1051,Mliečnan sodný (Nátriumlaktát),null
1052,Modafinil,Modafinilum
1053,Mogamulizumab,Mogamulizumab
1054,Moklobemid,Moclobenidum
1055,Molsidomín,Molsidominum
1056,Molybdenan sodný,null
1057,Mometazón,Mometasonum
1058,Montelukast,Montelukastum
1059,Morfín,Morphinum
1060,Mosunetuzumab,Mosunetuzumab
1061,Moxastíniumteoklát,null
1062,Moxifloxacín,Moxifloxacinum
1063,Moxonidín,Moxonidinum
1064,"Multienzýmy (lipáza, proteáza...)",null
1065,Mupirocín,Mupirocinum
1066,Myrtekaín,Myrtecainum
1067,Nadroparín (vápenatá sol nadroparínu),Nadroparinum Calcium
1068,Nafazolín,Naphazolinum
1069,Naftidrofuryl,Naftidrpfurylum
1070,Naldemedín,Naldemedinum
1071,Nalmefén,null
1072,Naloxón,Naloxonum
1073,Naltrexon,Naltrexonum
1074,Naproxen,Naproxenum
1075,Natalizumab,null
1076,Natamycín,Natamycinum
1077,Nátriumalginát,null
1078,Nátriumfenylbutyrát,null
1079,Nátriumhyaluronát (sodná sol kyseliny hyalurónovej,null
1080,Nátriumsalicylát,null
1081,Nebivolol,Nebivololum
1082,Neisseria ctharalis,null
1083,Nelarabín,Nelarabinum
1084,Neomycín,Neomycinum
1085,Neostigmín,Neostigminum
1086,Nepafenak,null
1087,Neratinib,Neratinib
1088,Netarsudil,Netarsudil
1089,Netilmycín,Netilmicinum
1090,Netupitant,Netupitantum
1091,Nevirapín,Nevirapinum
1092,Nifuratel,Nifuratelum
1093,Nikotín,Nicotinum
1094,Nikotínamid,Nicotinamidum
1095,Nilotinib,null
1096,Nimesulid,Nimesulidum
1097,Nimodipin,Nimodipinum
1098,Nintedanib,Nintedanib
1099,Niraparib,Niraparib
1100,Nirsevimab,Nirsevimab
1101,Nitisinón,Nitisinonum
1102,Nitrendipín,Nitrendipinum
1103,Nivolumab,null
1104,Nomegestrol,Nomegestrolum
1105,Noradrenalín (Norepinefrín),null
1106,Norelgestromín,null
1107,Norepinefrín (Noradrenalín),Norepinephrinum
1108,Noretisterón,null
1109,Norfloxacín,Norfloxacinum
1110,Nusinersen,Nusinersen
1111,Nystatín,Nystatinum
1112,Obiltoxaximab,Obiltoxaximab
1113,Octan sodný (Nátriumacetát),null
1114,Octan vápenatý (Kalsiumacetát),Calcium aceticum
1115,Octan zinocnatý (Znkumacetát),null
1116,Odevixibat,Odevixibat
1117,Ofatumumab,null
1118,Ofloxacín,Ofloxacinum
1119,Okrelizumab,Okrelizumab
1120,Okriplazmín,null
1121,Oktenidín,Octenidinum
1122,Oktreotid,Octreotidum
1123,Olaflur,Olaflurum
1124,Olanzapín,Olazapinum
1125,Olej arašídový,null
1126,Olej avokádový,null
1127,Olej olivový,null
1128,Olej rybí,null
1129,Olej sójový,null
1130,Olej zo žraločej pečene (vit.D),null
1131,Oleje eterické,null
1132,Olipudáza alfa,Olipudáza alfa
1133,Olmesartan medoximil,Olmesartanum Medoxomilum
1134,Olodaterol,null
1135,Olopatadín,Olopatadinum
1136,Omalizumab,Omalizumabum
1137,Omega-3-kyseliny,null
1138,Omeprazol,Omeprazolum
1139,Onasemnogén abeparvovek,Onasemnogén abeparvovek
1140,Ondansetron,Ondansetronum
1141,Opikapón,Opikapón
1142,Ópium,Opium
1143,Orfenadrín,Orphenadrinum
1144,Orlistát,Orlistatum
1145,Oseltamivir,Oseltamvirum
1146,Osilodrostat,Osilodrostat
1147,Osimertinib,Osimertinib
1148,Ospemifén,Ospemifén
1149,Oteracil,null
1150,Oxacilín,Oxacillinum
1151,Oxaliplatina,Oxaliplatinum
1152,Oxazepam,Oxazepamum
1153,Oxeladín,Oxeladinum
1154,Oxerutín,null
1155,Oxid arzenitý,null
1156,Oxid dusnatý,null
1157,Oxid dusný,null
1158,Oxid horečnatý,null
1159,Oxid kremičitý,null
1160,Oxid mednatý,null
1161,Oxid uhličitý,null
1162,Oxid uhoľnatý (CO),Carbo carbonis monoxide
1163,Oxid vápenatý,null
1164,Oxid zinočnatý,null
1165,Oxkarbazepín,Oxcarbazepinum
1166,Oxybuprokaín,Oxybuprocainum
1167,Oxybutynín,Oxybutyninum
1168,Oxykodón,Oxycodonum
1169,Oxymetazolín,Oxymetazolinum
1170,Oxytocín,Oxytocinum
1171,Ozanimod,Ozanimodum
1172,Padeliporfín,Padeliporfinum
1173,Paklitaxel,Paclitaxelum
1174,Palbociklib,Palbociklib
1175,Paliperidón,null
1176,Palivizumab,Palivizumabum
1177,Palonosetrón,Palonosetronum
1178,Panitumumab,null
1179,"Pankreatín (amyláza, lipáza, proteáza)",Pancreatinum
1180,Panobinostat,Panobinostat
1181,Pantoprazol,Pantoprazolum
1182,Papain,null
1183,Paracetamol,Paracetamolum
1184,Parekoxib,Parecoxibum
1185,Parikalcitol,Paricalcitolum
1186,Paroxetín,Paroxetinum
1187,Pasireotid,null
1188,Patiromer,Patiromer
1189,Patisíran,Patisíran
1190,Pazopanib,null
1191,Pefloxacín,Pefloxacinum
1192,Pegaspargáza,Pegaspargasum
1193,Pegcetakoplan,Pegcetakoplan
1194,Pegfilgrastim,Pegfilgrastinum
1195,Peginterferón alfa-2a,Peginterferonum Alfa-2a
1196,Pegvaliáza,Pegvaliaza
1197,Pegvisomant,Pegvisomantum
1198,Pembrolizumab,Pembrolizumab
1199,Pemetrexed,Pemetrexedum
1200,Pemigatinib,Pemigatinib
1201,Penciklovir,Penciclovirum
1202,Penicilamín,Penicillaminum
1203,Pentoxifylín,Pentoxifyllinum
1204,Pentoxyverín,Pentoxyverinum
1205,Pentózan,Pentózanum
1206,Perampanel,null
1207,Perboritan sodný,null
1208,Perflutrén,null
1209,Perindopril - erbumínová soľ,Perindoprilum
1210,Perindopril - terc butylamín,null
1211,Perindopril arginín,null
1212,Permetrín,Permethrinum
1213,Peroxid vodíka,null
1214,Pertuzumab,null
1215,Petidín,Pethidinum
1216,PF-07321332 + ritonavir,PF-07321332 + ritonavir
1217,Pibrentasvir,Pibrentasvir
1218,Pikosíran sodný (Nátriumpikosulfát),null
1219,Pimekrolimus,Pimecrolimusum
1220,Pinavériumbromid,Pinaverii Bromidum
1221,Pinen alfa,null
1222,Pinen beta,null
1223,Pioglitazón,Pioglitazonum
1224,Piperacilín,Piperacillinum
1225,Piracetam,Piracetamum
1226,Pirfenidón,null
1227,Piroxikam,Piroxicamum
1228,Pitofenón,null
1229,Pitolisant,Pitolisantum
1230,Pixantrón,null
1231,Pizotifén,Pizotifenum
1232,Plerixafor,null
1233,Pneumokokový polysacharid,null
1234,Polatuzumab vedotín,Polatuzumab vedotin
1235,Polidokanol (Lauromakrogol 400),Polidocanolum
1236,Polykrezulén,null
1237,Polymyxín B,Polymyxinum B
1238,Polyoxidónium,null
1239,Polystyrénsulfonát,null
1240,Polyvinylalkohol,null
1241,Pomalidomid,null
1242,Ponatinib,null
1243,Ponesimod,Ponesimodum
1244,Posakonazol,Posaconazolum
1245,Povidon,Povidonum
1246,Prajmalín,Prajmalinum
1247,Pralzetinib,Pralzetinib
1248,Pramipexol,Pramipexolum
1249,Prasterón,Prasteronum
1250,Prasugrel,null
1251,Pravastatín,Pravastatinum
1252,Prednizolón,Prednisolonum
1253,Prednizón,Prednisonum
1254,Pregabalín,Pregabalinum
1255,Pretomanid,Pretomanid
1256,Prilokaín,Prilocainum
1257,Progesterón,Progesteronum
1258,Proguanil,Proguanilum
1259,Prokaín-benzylpenicilín,null
1260,Prometazín,Promethazinum
1261,Propafenón,Propafenonum
1262,Propiverín,Propiverinum
1263,Propofol,Propofolum
1264,Propranolol,Propranololum
1265,Propyfenazón,Propyphenazonum
1266,Propyltiouracil,Propylthiouracilum
1267,Protamín,Protaminum
1268,Protamín inzulín krystalický rekombinantný,null
1269,Proteáza,null
1270,Proteín C humanny,null
1271,Proteín humanny plazmatický,null
1272,Proteín S,null
1273,Proteolytický enzým,null
1274,Prukaloprid,null
1275,Pseudoefedrín,Pseudoephedrinum
1276,Pyridostigmín,Pyridostigminum
1277,Pyridoxín (vit.B6),Pyridoxinum
1278,Rabeprazol,Rebeprazolum
1279,Racekadotril,Rececadotrilum
1280,Raloxifén,Raloxifenum
1281,Raltegravir,null
1282,Ramipril,Ramiprilum
1283,Ramucirumab,Ramucirumab
1284,Ranibizumab,null
1285,Ranolazin,Ranolazinum
1286,Rasagilin,Rasagilinum
1287,Rasburikáza,Rasburicasum
1288,Ravulizumab,Ravulizumab
1289,Regadenozón,null
1290,Regdanvimab,Regdanvimab
1291,Regorafenib,null
1292,Relatlimab,Relatlimab
1293,Relebaktám,Relebaktamum
1294,Relugolix,Relugolix
1295,Remdezivir,Remdezivirum
1296,Remifentanil,Remifentanilum
1297,Remimazolam,Remimazolam
1298,Repaglinid,Repaglimidum
1299,Reslizumab,Reslizumab
1300,Retepláza,Reteplasum
1301,Retinol (vit.A),Retinolum
1302,Ribavirín,Ribavirinum
1303,Ribociklib,Ribociklibum
1304,Riboflavín (vit.B2),Riboflavinum
1305,Rifampicín,Rifampicinum
1306,Rifaximín,Rifaximinum
1307,Rilmenidín,Rilmenidinum
1308,Rilpivirín,null
1309,Riluzol,Riluzolum
1310,Rimegepant,Rimegepant
1311,Riociguát,null
1312,Ripretinib,Ripretinib
1313,Risdiplamum,Risdiplamum
1314,Risperidón,Risperidonum
1315,Ritonavir,Ritonavirum
1316,Rituximab,Rituximabum
1317,Rivaroxaban,null
1318,Rivastigmín,Rivastigminum
1319,Rizankizumab,Rizankizumab
1320,Rizatriptán,Rizatriptanum
1321,Roflumilast,null
1322,Rokuróniumbromid,Rocuronii bromidum
1323,Romiplostim,null
1324,Romosozumab,Romosozumabum
1325,Ropeginterferón alfa-2b,Ropeginterferón alfa-2b
1326,Ropinirol,Ropinirolum
1327,Ropivakaín,Ropivacainum
1328,Rosuvastatín,Rosuvastatinum
1329,Rotavírus,null
1330,Rotigotín,null
1331,Roxadustát,Roxadustát
1332,"Roztok na hemofiltráciu,hemodialýzu a hemodiafiltr",null
1333,"Roztok na parenterálnu výživu,kombinácie",null
1334,Rufinamid,Rufinamidum
1335,Rukaparib,Rukaparib
1336,Rupatadín,Rupatadinum
1337,Rutozid,Rutozidum
1338,Ruxolitinib,null
1339,Saccharomyces Boulardii,null
1340,Sacharóza,null
1341,Sacituzumab govitekan,Sacituzumab
1342,Safinamid,Safinamidum
1343,Sakubitril,Sakubitrilum
1344,Sakvinavir,null
1345,Salbutamol,Salbutamolum
1346,Salicylát holínia (Cholíniumsalicylát),Cholini Salicylas
1347,Salmeterol,Salmetrolum
1348,Samarium 153 (153Sm) lexidronam,null
1349,Saponín,null
1350,Sapropterín,null
1351,Sarilumab,Sarilumab
1352,Satralizumab,Satralizumab
1353,Saxagliptín,null
1354,Sebelipáza alfa,Sebelipaza alfa
1355,Selén,Selenium
1356,Selenan sodný,null
1357,Seleničitan sodný,null
1358,Selexipag,Selexipag
1359,Selinexor,Selinexor
1360,Selperkatinib,Selperkatinib
1361,Selumetinib,Selumetinib
1362,Semaglutid,Semaglutidum
1363,Senna,null
1364,Serenoa repens (plod palmy Serenoa plazivá),null
1365,Sertindol,Sertindolum
1366,Sertralín,Sertralinum
1367,Setmelanotid,Setmelanotid
1368,Sevelamér,Sevelaverum
1369,Sevoflurán,Sevofluranum
1370,Sféroidy ľudských,ciebus Sphæroidum hominum
1371,Sildenafil,Sidenafilum
1372,Silica borovicová,null
1373,Silica eukalyptová (blahovičníková),null
1374,Silica mäty piepornej,null
1375,Silica rasca,null
1376,Silodozín,null
1377,Silybinín,null
1378,Silymarín,null
1379,Simetikon,null
1380,Simvastatín,Simvastatinum
1381,Siponimod,Siponimodum
1382,Síran bárnatý,Barii Sulfas
1383,Síran draselno-hlinitý,null
1384,Síran horečnatý,null
1385,Síran manganatý,null
1386,Síran sodný,null
1387,Síran železnatý,Ferrosi sulfas
1388,Sirolimus,Sirolimusum
1389,Sitagliptín,Sitagliptinum
1390,Škrob hydrolyzovaný tekutý,null
1391,Sodík,Natrium
1392,Sodná soľ karmelózy,null
1393,Sofosbuvir,null
1394,Solifenacín,Solifenacinum
1395,Solriamfetol,Solriamfetolum
1396,Somapacitan,Somapacitan
1397,Somatrogon,Somatrogon
1398,Somatropín,Somatropinum
1399,Sonidegib,Sonidegib
1400,Sorafenib,null
1401,Sorbitol,Sorbitolum
1402,Sotorasib,Sotorasibum
1403,Sotrovimab,Sotrovimabum
1404,Spesolimab,Spesolimab
1405,Spiramycín,Spiramycinum
1406,Spironolaktón,Spironolactonum
1407,Staphylococcus aureus,null
1408,Staphylococcus pyrogenes,null
1409,Stiripentol,Stiripentolum
1410,Streptococcus faecium,null
1411,Strieborná soľ sulfadiazínu (Argentumsulfadiazinát,Argentum sulfadiazinatum
1412,Sufentanil,Sufentanilum
1413,Sugamadex,Sugamadexum
1414,"Sukcimer (kyselina 2,3-dimerkaptojantárová)",Succimerum
1415,Sulbaktám,Sulbactanum
1416,Sulfacetamid,Sulfacetamidum
1417,Sulfametoxazol,Sulfamethoxazolum
1418,Sulfasalazín,Sulfasalazinum
1419,Sulodexid,Sulodexidum
1420,Sulpirid,Sulpiridum
1421,Sultamicilín,Sultamicillinum
1422,Sultiam,Sultiamum
1423,Sumatriptán,Sumatriptanum
1424,Sunitinib,Sunitinibum
1425,Sutimlimab,Sutimlimab
1426,Suxametónium,Suxamethonium
1427,Tabelecleucel,Tabelecleucel
1428,Tadalafil,null
1429,Tafamidis,null
1430,Tafasitamab,Tafasitamab
1431,Tafluprost,null
1432,Tagraxofusp,Tagraxofusp
1433,Takadiastáza,null
1434,Takalcitol (derivát vit. D3),Tacalcitolum
1435,Takrolimus,Tacrolimusum
1436,Talazoparib,Talazoparib
1437,Talidomid,null
1438,Talimogén laherparepvek,Talimogén laherparepvek
1439,Tamoxifén,Tamoxifenum
1440,Tamsulosín,Tamsukfosinum
1441,Tapentadol,null
1442,Tazobaktám,Tazobactamum
1443,Tazonermín,null
1444,T-bunky geneticky modifikované,T cellulis Spermatophyta
1445,Tebentafusp,Tebentafuspum
1446,Technečitan sodný (99mTc),null
1447,Technécium (99mTc),null
1448,Technécium (99mTc) mikročastice,null
1449,Technécium (99mTc) sestamib,null
1450,Technécium (99mTc) tetrofosmin,null
1451,Tecovirimat,Tekovirimatum
1452,Tedizolidfosfát,Tedizolidfosfatum
1453,Teduglutid,null
1454,Tegafur,Tegafurum
1455,Teikoplanín,Teicoplaninum
1456,Teklistamab,Teklistamab
1457,Tekutý parafín,null
1458,Telmisartan,Telmisartanum
1459,Temoporfín,null
1460,Temozolomid,null
1461,Temsirolim,Temsirolimusum
1462,Tenektepláza,Tenecteplasum
1463,Tenofovir dizoproxil,Tenofovirum
1464,Teofylín,Theophyllinum
1465,Tepotinib,Tepotinib
1466,Terazosín,Terazosinum
1467,Terbinafín,Terbinafinum
1468,Teriflunomid,null
1469,Teriparatid,Teriparatidum
1470,Terlipresín,Terlipressinum
1471,Terpin,null
1472,Testosterón,Testosteronum
1473,Tetrabenazín,Tetrabenazinum
1474,Tetraboritan sodný (borax),null
1475,Tetracyklín,Tetracyclinum
1476,Tetrafosfátpiperachin,null
1477,Tetrakaín,Tetracainum
1478,Tetryzolín,Tetryzolinum
1479,Tezakaftor,Tezakaftor
1480,Tezepelumab,Tezepelumab
1481,Thymol,null
1482,Tiamazol,Thiamazolum
1483,Tiamín (vit.B1),Thiaminum
1484,Tianeptín,Tianeptinum
1485,Tiaprid,Tiapridum
1486,Tibolón,Tibolonum
1487,Tietylperazín,Thiethylperazinum
1488,Tigecyklín,null
1489,Tikagrelor,null
1490,Tiklopidín,Ticlopidinum
1491,Tildrakizumab,Tildrakizumab
1492,Timolol,Timololum
1493,Tinktúra pomarančová,Tincturam aurantiaco
1494,Tinktúra prilbicová (akoniti),null
1495,Tinktúra rumančeková,null
1496,Tioguanín,Tioguaninum
1497,Tiopental,Thiopentalum
1498,Tiosíran sodný,null
1499,Tiotepa,Thiotepum
1500,Tiotropiumbromid,Tiotropii bromidum
1501,Tipiracil,Tipiracilum
1502,Tipranavir,Tipranavirum
1503,Tirbanibulín,Tirbanibulinum
1504,Tirzepatid,Tirzepatidum
1505,Tisagenlekleucel,Tisagenlekleucel
1506,Tivozanib,Tivozanibum
1507,Tixagevimab,Tixagevimab
1508,Tizanidín,Tizanidinum
1509,Tobramycín,Tobramycinum
1510,Tocilizumab,null
1511,Tofacitinib,Tofacitinib
1512,Tofizopam,Tofizopamum
1513,Tokoferol (vit.E),ά-Tocoferolum
1514,Tolkapón,Tolcaponum
1515,Tolperizón,Tolperisonum
1516,Tolterodin,Tolterodinum
1517,Tolvaptán,null
1518,Topiramát,Topiramatum
1519,Topotekán,Topotecanum
1520,Torasemid,Torasemidum
1521,Toremifén,Toremifenum
1522,Tozinameran,Tozinameran
1523,Trabektedín,null
1524,Tralokinumab,Tralokinumab
1525,Tramadol,Tramadolum
1526,Tramazolín,Tramazolinum
1527,Trandolapril,Trandolaprilum
1528,Transfer faktor bravčových leukocytov,null
1529,Trastuzumab,Trastuzumabum
1530,Trastuzumab-deruxtekan,Trastuzumab-deruxtekan
1531,Travoprost,Travooprostum
1532,Trazodón,Trazodonum
1533,Tremelimumab,Tremelimumab
1534,Treosulfan,Treosulfanum
1535,Treprostinil,null
1536,Tretinoín,Tretinoinum
1537,Triacylglyceroly omrga-3 kyselín,null
1538,Triacylglyceroly so strednou dlžkou reťazca,null
1539,Triamcinolón,Triamcinolonum
1540,Tribenozid,Tribenosidum
1541,Trientín,Trientinum
1542,Trifarotén,Trifarotenum
1543,Trifluridín,Trifluridinum
1544,Triklosan,Triclosanum
1545,Trimekaín,Trimecainum
1546,Trimetazidín,Trimertazidinum
1547,Trimetoprim,Trimethoprimum
1548,Triprolidín,Triprolidinum
1549,Triptorelín,Triptorelinum
1550,Trombín,null
1551,Tropikamid,Tropicamidum
1552,Trospium,Trospium
1553,Troxerutín,Troxerutinum
1554,Trypsín,Trypsinum
1555,Tukatinib,Tukatinib
1556,Tyrotricín,Tyrothricinum
1557,Tyrotropín,null
1558,Uhličitan horečnatý,null
1559,Uhličitan lítny,null
1560,Uhličitan sodný,Natrii carbonas
1561,Uhličitan vápenatý,null
1562,Ulipristal,null
1563,Umeklidín,null
1564,Upadacitinib,Upadacitinib
1565,Urapidil,Urapidilum
1566,Urea,Ureum
1567,Urofolitropín,Urofollitropinum
1568,Ustekinumab,null
1569,Vakcína proti besnote,null
1570,Vakcína proti cholere,null
1571,Vakcína proti chrípke,null
1572,Vakcína proti COVID-19,Vakcína proti COVID-19
1573,"Vakcína proti diftérii, tetanu, pertussis a",null
1574,"Vakcína proti diftérií,tetanu,pertusis,hep. B,...",null
1575,Vakcína proti diftérii/tetanu/pertussis a poliomye,null
1576,Vakcína proti encefalitíde,null
1577,Vakcína proti hepatitíde A,null
1578,Vakcína proti hepatitíde A a B,null
1579,Vakcína proti hepatitíde B,null
1580,Vakcína proti horúčke dengue (vírusový sérotyp),Vakcína proti horúčke dengue
1581,Vakcína proti meningokom,null
1582,Vakcína proti osýpkam,null
1583,"Vakcína proti osýpkam, komb. s mumpsom a ružienkou, živá oslabená",null
1584,"Vakcína proti osýpkam, komb. s mumpsom, ružienkou, ovč.kiahňami, živá oslabená",null
1585,Vakcína proti ovčím kiahňam,null
1586,Vakcína proti papilomavírusu,null
1587,"Vakcína proti pásovému oparu,živá oslabená",null
1588,Vakcína proti pneumokokom,null
1589,"Vakcína proti pneumokokom, purifikovaný polysachar",null
1590,Vakcína proti pravým kiahňam,null
1591,Vakcína proti tetanu,null
1592,Vakcína proti týfusu kapsulárna polysacharidová,null
1593,Vakcína proti zairskej ebole,Vakcína proti zairskej ebole
1594,Vakcína proti záškrtu a tetanu,null
1595,"Vakcína proti záškrtu, tetan., čier. kašľu a det.o",null
1596,"Vakcína proti záškrtu, tetanu a čiernemu kašľu",null
1597,"Vakcína proti žltej zimnici,živá oslabená",null
1598,"Vakcína rotavírusová, živá oslabená",null
1599,Valaciklovir,Valaciclovirum
1600,Valganciklovir,Vandanciclovirum
1601,Valín,null
1602,Valsartan,Valsartanum
1603,Vandetanib,null
1604,Vankomycín,Vancomycinum
1605,Vápnik,Calcium
1606,Vardenafil,Vardenafilum
1607,Vareniklín,null
1608,Vazopresín,Vasopressini
1609,Vektorový genóm,null
1610,Velagluceráza alfa,null
1611,Velmanáza alfa,Velmanáza alfa
1612,Velpatasvir,Velpatasvir
1613,Vemurafenib,null
1614,Venetoklax,Venetoklax
1615,Venlafaxín,Venlafaxinum
1616,Verapamil,Verpamilum
1617,Vericiguat,Vericiguat
1618,Vernakalant,null
1619,Verteporfín,Verteprofinum
1620,Vestronidáza alfa,Vestronidáza alfa
1621,viď SPC,null
1622,Vigabatrin,Vigabatrinum
1623,Vilanterol,null
1624,Vildagliptin,Vidagliptinum
1625,Vinflunín,null
1626,Vinorelbín,Vinorelbinum
1627,Vinpocetín,Vinpocetinum
1628,"Virus varicella-zoster1, kmeň Oka/Merck (živý, osl",null
1629,Vismodegib,Vismodegibum
1630,Vitamín K,Vitamin K
1631,Voda na injekciu,Aqua pro injectione
1632,Voklosporín,Voklosporinum
1634,Vonikog alfa,Vonikog alfa
1635,Vorikonazol,Voriconazolum
1636,Vortioxetín,null
1637,Voxelotor,Voxelotor
1638,Voxilaprevir,Voxilaprevirum
1639,Vozoritid,Vozoritid
1640,Vutrisíran,Vutrisíranum
1641,Warfarín,Warfarinum
1642,Xylometazolín,Xylometazolinum
1643,Ytrium (90Y) chlorid,null
1644,Ytrium (90Y) citrátový koloid,null
1645,Zanamivir,Zanamivirum
1646,Zanubrutinib,Zanubrutinib
1647,Želatína,null
1648,Železo,Ferrum
1649,Ziconotíd,Ziconotidum
1650,Zidovudín,Zidovudinum
1651,Zinok,Zincum
1652,Ziprasidón,Ziprasidonum
1653,Zofenopril,Zofenoprilum
1654,Zolpidem,Zolpidemum
1655,Zonisamid,Zonisamidum
1656,Zopiklón,Zopiclonum
1657,Zotepín,Zotepinum
1658,Zuklopentixol,Zuclopenthixolum
1659,Cibuľa kuchynská,Allium cepa
1633,Volanesorsen,Volanesorsenum
