1124,null,LQ844TK,rukavice,2021-09-02 14:09:00,null,null,null
1125,25,null,injekcia,2014-07-22 04:07:00,null,null,null
1126,null,BF583GF,rukavice,2022-08-27 23:08:00,null,null,null
1127,null,MF461OE,rusko,2020-11-06 21:11:00,null,null,null
1130,130,null,skalpel,2018-06-16 16:06:00,null,null,null
1131,20,null,rusko,2023-05-26 05:05:00,null,null,null
1132,null,KM034YR,injekcia,2018-02-21 07:02:00,null,null,null
1134,141,null,rukavice,2014-04-29 02:04:00,null,null,null
1136,129,null,rusko,2015-01-27 18:01:00,null,null,null
1137,135,null,skalpel,2014-04-16 04:04:00,null,null,null
1138,31,null,injekcia,2018-02-25 22:02:00,null,null,null
1139,null,QJ643HH,injekcia,2014-12-22 05:12:00,null,null,null
1140,42,null,rukavice,2019-01-04 08:01:00,null,null,null
1141,28,null,ihla,2019-01-31 01:01:00,null,null,null
1142,null,DP080SV,injekcia,2019-03-11 18:03:00,null,null,null
1143,150,null,skalpel,2022-12-03 03:12:00,null,null,null
1144,null,KB336XK,injekcia,2023-02-24 11:02:00,null,null,null
1147,113,null,ihla,2022-03-06 20:03:00,null,null,null
1150,null,WX765AE,rusko,2021-10-14 09:10:00,null,null,null
1151,null,VU732CF,ihla,2013-07-13 07:07:00,null,null,null
1153,null,YW717TD,ihla,2023-07-21 06:07:00,null,null,null
1154,120,null,noznice,2014-01-09 21:01:00,null,null,null
1155,null,US786RK,skalpel,2017-08-25 02:08:00,null,null,null
1156,87,null,rusko,2022-09-03 13:09:00,null,null,null
1157,7,null,ihla,2021-04-17 21:04:00,null,null,null
1158,185,null,injekcia,2023-05-03 02:05:00,null,null,null
1159,69,null,ihla,2015-03-07 00:03:00,null,null,null
1160,19,null,rusko,2023-02-19 14:02:00,null,null,null
1162,93,null,ihla,2019-01-14 02:01:00,null,null,null
1163,null,EC828FE,injekcia,2014-12-09 02:12:00,null,null,null
1164,null,RX245CI,skalpel,2019-08-16 12:08:00,null,null,null
1167,null,RN526ZL,rusko,2020-03-12 15:03:00,null,null,null
1168,179,null,noznice,2023-01-07 16:01:00,null,null,null
1169,135,null,rukavice,2023-01-27 07:01:00,null,null,null
1170,67,null,injekcia,2022-11-07 09:11:00,null,null,null
1172,null,VV741IH,rukavice,2021-07-06 18:07:00,null,null,null
1173,169,null,rusko,2023-02-23 06:02:00,null,null,null
1174,1,null,injekcia,2021-01-24 17:01:00,null,null,null
1175,null,UQ436WX,ihla,2022-07-05 14:07:00,null,null,null
1177,null,SU330GQ,rukavice,2021-10-08 17:10:00,null,null,null
1178,181,null,ihla,2019-04-03 10:04:00,null,null,null
1179,null,SM828OW,rusko,2013-07-05 11:07:00,null,null,null
1180,null,XK130EB,noznice,2017-02-03 02:02:00,null,null,null
1181,198,null,rukavice,2016-04-20 18:04:00,null,null,null
1183,78,null,rusko,2014-11-22 22:11:00,null,null,null
1184,111,null,ihla,2014-08-25 01:08:00,null,null,null
1186,null,NH034FV,noznice,2013-03-31 10:03:00,null,null,null
1188,null,QE211MS,rukavice,2017-05-04 10:05:00,null,null,null
1190,191,null,ihla,2013-12-07 17:12:00,null,null,null
1192,null,NM360KR,rukavice,2020-05-30 20:05:00,null,null,null
1193,188,null,injekcia,2021-05-09 15:05:00,null,null,null
1194,null,RR254KF,ihla,2019-01-27 23:01:00,null,null,null
1196,130,null,rusko,2020-10-03 01:10:00,null,null,null
1198,null,VM885FA,rusko,2020-08-16 09:08:00,null,null,null
1200,38,null,rukavice,2019-11-21 05:11:00,null,null,null
1201,52,null,rusko,2022-09-20 01:09:00,null,null,null
1203,null,RV334CT,rukavice,2022-01-17 14:01:00,null,null,null
1204,null,XD786WR,noznice,2018-02-14 16:02:00,null,null,null
1206,null,MK802TP,rusko,2022-06-09 20:06:00,null,null,null
1207,null,SL284NE,skalpel,2015-07-12 02:07:00,null,null,null
1208,null,GC432RV,rukavice,2023-03-28 11:03:00,null,null,null
1209,178,null,rusko,2021-07-29 14:07:00,null,null,null
1210,null,BK663NG,ihla,2022-12-27 20:12:00,null,null,null
1211,null,OI403DX,injekcia,2014-04-06 17:04:00,null,null,null
1212,60,null,ihla,2018-09-24 00:09:00,null,null,null
1213,null,FR458HN,ihla,2015-12-20 01:12:00,null,null,null
1214,135,null,rusko,2023-08-29 01:08:00,null,null,null
1215,169,null,rusko,2014-10-27 04:10:00,null,null,null
1216,null,QK467EI,rukavice,2018-10-22 20:10:00,null,null,null
1218,null,HR438VF,ihla,2020-10-01 14:10:00,null,null,null
1220,74,null,noznice,2020-05-30 09:05:00,null,null,null
1221,193,null,skalpel,2016-11-16 14:11:00,null,null,null
1224,null,EO105HE,ihla,2013-08-20 09:08:00,null,null,null
1225,190,null,rusko,2016-04-14 05:04:00,null,null,null
1227,null,EV779OJ,injekcia,2016-09-29 11:09:00,null,null,null
1228,52,null,injekcia,2022-11-03 14:11:00,null,null,null
1230,null,QK467EI,rusko,2019-12-25 19:12:00,null,null,null
1231,51,null,skalpel,2015-02-14 07:02:00,null,null,null
1232,100,null,rukavice,2019-07-05 19:07:00,null,null,null
1234,null,PY991CZ,injekcia,2014-12-11 09:12:00,null,null,null
1235,null,YP287YQ,ihla,2017-05-08 15:05:00,null,null,null
1238,7,null,skalpel,2023-07-03 15:07:00,null,null,null
1240,176,null,noznice,2014-07-31 07:07:00,null,null,null
1242,null,PT074ZC,ihla,2014-02-06 22:02:00,null,null,null
1243,170,null,ihla,2018-05-26 16:05:00,null,null,null
1245,null,CK852QN,skalpel,2014-01-14 18:01:00,null,null,null
1246,null,NS706NG,rusko,2015-07-06 00:07:00,null,null,null
1247,58,null,ihla,2017-12-29 12:12:00,null,null,null
1248,79,null,noznice,2019-04-06 16:04:00,null,null,null
1250,171,null,ihla,2023-07-18 19:07:00,null,null,null
1251,null,FF298JT,ihla,2021-02-26 01:02:00,null,null,null
1253,17,null,rusko,2018-08-26 18:08:00,null,null,null
1254,null,IE136TX,noznice,2018-02-18 12:02:00,null,null,null
1255,null,WM646DE,noznice,2019-10-19 05:10:00,null,null,null
1256,null,PR614KG,skalpel,2017-12-30 11:12:00,null,null,null
1257,186,null,rusko,2022-05-16 17:05:00,null,null,null
1258,9,null,noznice,2016-02-27 14:02:00,null,null,null
1259,null,YR723HI,rusko,2019-07-02 07:07:00,null,null,null
1260,11,null,rukavice,2013-04-09 20:04:00,null,null,null
1261,39,null,noznice,2015-11-26 12:11:00,null,null,null
1263,null,IR476XM,rukavice,2014-11-14 01:11:00,null,null,null
1264,null,YM464MZ,injekcia,2018-10-19 01:10:00,null,null,null
1269,93,null,ihla,2013-12-11 05:12:00,null,null,null
1270,57,null,skalpel,2017-11-26 11:11:00,null,null,null
1271,125,null,injekcia,2013-09-18 17:09:00,null,null,null
1272,null,OE521BP,noznice,2013-07-30 10:07:00,null,null,null
1273,null,BV941BB,injekcia,2019-01-19 20:01:00,null,null,null
1274,null,OR564RD,ihla,2023-08-12 17:08:00,null,null,null
1275,null,YM388XE,skalpel,2021-08-24 21:08:00,null,null,null
1276,124,null,ihla,2023-03-27 20:03:00,null,null,null
1277,186,null,skalpel,2021-07-28 13:07:00,null,null,null
1278,90,null,ihla,2023-01-18 00:01:00,null,null,null
1280,null,QR651SP,skalpel,2021-02-23 05:02:00,null,null,null
1281,null,JS261FD,noznice,2019-09-14 03:09:00,null,null,null
1282,132,null,ihla,2017-06-24 14:06:00,null,null,null
1286,null,UF423VI,rusko,2022-09-07 22:09:00,null,null,null
1288,null,KM034YR,rusko,2014-10-12 15:10:00,null,null,null
1289,76,null,skalpel,2021-11-20 05:11:00,null,null,null
1291,7,null,injekcia,2021-06-16 06:06:00,null,null,null
1292,null,JB648RO,noznice,2016-10-10 12:10:00,null,null,null
1293,null,OR564RD,injekcia,2016-05-11 17:05:00,null,null,null
1294,null,CS843QI,noznice,2022-08-02 10:08:00,null,null,null
1295,156,null,rukavice,2020-02-18 14:02:00,null,null,null
1296,null,SI323OE,ihla,2021-04-28 00:04:00,null,null,null
1297,null,XY469DB,injekcia,2023-05-29 15:05:00,null,null,null
1298,null,IO156NI,noznice,2015-07-30 05:07:00,null,null,null
1299,139,null,ihla,2021-07-14 18:07:00,null,null,null
1301,null,TF798XY,skalpel,2020-10-29 19:10:00,null,null,null
1302,null,CF147MV,injekcia,2021-09-29 08:09:00,null,null,null
1303,40,null,ihla,2021-08-08 00:08:00,null,null,null
1304,4,null,rukavice,2013-11-04 23:11:00,null,null,null
1305,null,KP786KI,skalpel,2021-06-19 15:06:00,null,null,null
1306,198,null,rusko,2023-02-16 11:02:00,null,null,null
1307,null,FN571DN,rusko,2019-06-03 05:06:00,null,null,null
1308,64,null,noznice,2018-08-06 23:08:00,null,null,null
1309,null,HX785WJ,ihla,2020-05-24 07:05:00,null,null,null
1310,null,AS777YY,noznice,2017-04-09 02:04:00,null,null,null
1311,118,null,skalpel,2021-05-04 11:05:00,null,null,null
1313,118,null,skalpel,2018-07-06 18:07:00,null,null,null
1314,null,GD162WU,rukavice,2014-03-13 06:03:00,null,null,null
1315,null,QO143DP,rukavice,2023-10-20 10:10:00,null,null,null
1316,68,null,rusko,2021-01-07 18:01:00,null,null,null
1319,null,KB336XK,skalpel,2017-08-17 12:08:00,null,null,null
1320,153,null,injekcia,2023-11-07 11:11:00,null,null,null
1321,null,SM125FQ,noznice,2016-05-27 03:05:00,null,null,null
1324,50,null,injekcia,2022-12-07 03:12:00,null,null,null
1326,null,EX393ZF,ihla,2016-06-03 23:06:00,null,null,null
1327,94,null,injekcia,2016-07-09 00:07:00,null,null,null
1328,null,IQ263YE,rukavice,2013-07-05 08:07:00,null,null,null
1329,null,RU447IT,skalpel,2020-08-27 04:08:00,null,null,null
1330,null,CK472GO,ihla,2017-09-10 11:09:00,null,null,null
1331,null,BS534MV,noznice,2020-03-29 14:03:00,null,null,null
1333,null,KA287HX,rukavice,2016-06-13 08:06:00,null,null,null
1334,161,null,skalpel,2023-10-21 15:10:00,null,null,null
1335,22,null,ihla,2018-05-20 03:05:00,null,null,null
1336,6,null,injekcia,2021-08-25 03:08:00,null,null,null
1337,157,null,injekcia,2020-06-05 09:06:00,null,null,null
1338,null,IG518WM,skalpel,2015-12-29 11:12:00,null,null,null
1340,106,null,injekcia,2020-11-23 23:11:00,null,null,null
1341,null,YO273BV,noznice,2012-12-20 10:12:00,null,null,null
1342,null,FM475FB,rukavice,2017-01-04 01:01:00,null,null,null
1347,59,null,injekcia,2013-10-21 15:10:00,null,null,null
1349,null,RU447IT,ihla,2020-09-17 13:09:00,null,null,null
1352,19,null,skalpel,2013-12-13 09:12:00,null,null,null
1354,63,null,noznice,2014-07-01 14:07:00,null,null,null
1355,61,null,ihla,2013-07-30 15:07:00,null,null,null
1357,null,DG287VE,noznice,2013-12-20 03:12:00,null,null,null
1358,null,BK959VF,skalpel,2020-05-25 23:05:00,null,null,null
1359,null,QE211MS,ihla,2022-06-25 15:06:00,null,null,null
1362,null,YI325GR,skalpel,2018-05-11 00:05:00,null,null,null
1364,25,null,rukavice,2019-10-16 01:10:00,null,null,null
1366,null,YP883XA,ihla,2018-10-21 11:10:00,null,null,null
1367,121,null,injekcia,2013-11-16 19:11:00,null,null,null
1368,null,YI725JY,rukavice,2019-02-14 05:02:00,null,null,null
1370,null,VV741IH,rusko,2012-11-14 21:11:00,null,null,null
1373,null,DR616XY,injekcia,2023-04-03 02:04:00,null,null,null
1374,null,WO582IB,injekcia,2019-09-08 04:09:00,null,null,null
1375,null,JX906NY,rukavice,2021-03-09 20:03:00,null,null,null
1376,null,PC168MS,rukavice,2014-08-24 19:08:00,null,null,null
1378,null,DS944ZQ,rukavice,2022-09-26 19:09:00,null,null,null
1379,null,JV381CT,rukavice,2014-09-20 11:09:00,null,null,null
1381,7,null,injekcia,2015-06-09 07:06:00,null,null,null
1382,null,TW084PE,ihla,2021-04-08 22:04:00,null,null,null
1384,166,null,injekcia,2013-06-02 11:06:00,null,null,null
1385,null,JM579HV,skalpel,2018-09-20 20:09:00,null,null,null
1387,116,null,skalpel,2014-05-07 13:05:00,null,null,null
1389,null,XH917GW,noznice,2019-02-09 10:02:00,null,null,null
1390,83,null,injekcia,2021-12-25 13:12:00,null,null,null
1392,null,NQ710IW,rukavice,2014-05-25 16:05:00,null,null,null
1393,86,null,rusko,2016-10-14 11:10:00,null,null,null
1395,null,JX906NY,rusko,2013-03-10 02:03:00,null,null,null
1397,null,RK742PN,ihla,2018-10-27 01:10:00,null,null,null
1399,null,VO395AM,rukavice,2023-09-05 13:09:00,null,null,null
1403,null,VO533VT,rukavice,2013-08-11 14:08:00,null,null,null
1404,null,NW554US,injekcia,2019-01-22 03:01:00,null,null,null
1406,148,null,injekcia,2018-04-13 01:04:00,null,null,null
1407,null,CH264UI,rusko,2020-08-12 04:08:00,null,null,null
1409,25,null,ihla,2014-08-08 16:08:00,null,null,null
1411,null,SE237QO,rusko,2013-10-13 07:10:00,null,null,null
1412,142,null,ihla,2023-06-13 01:06:00,null,null,null
1,null,PB743DP,skalpel,2013-10-16 20:10:00,null,null,null
3,null,DR275YB,rukavice,2016-03-25 20:03:00,null,null,null
4,null,RE042XP,noznice,2019-11-02 08:11:00,null,null,null
7,47,null,rukavice,2018-03-06 02:03:00,null,null,null
8,null,WX545KY,injekcia,2015-01-12 16:01:00,null,null,null
11,null,YM464MZ,noznice,2014-04-24 17:04:00,null,null,null
13,13,null,ihla,2014-06-19 12:06:00,null,null,null
14,null,CF147MV,skalpel,2015-07-05 04:07:00,null,null,null
15,null,SQ163DR,noznice,2013-12-08 05:12:00,null,null,null
16,null,NF795DN,rusko,2016-07-14 09:07:00,null,null,null
18,null,ZE453BW,rukavice,2015-12-01 21:12:00,null,null,null
19,null,YR723HI,injekcia,2015-08-18 20:08:00,null,null,null
21,null,RR653QJ,noznice,2023-04-06 01:04:00,null,null,null
22,34,null,injekcia,2023-09-11 19:09:00,null,null,null
25,85,null,noznice,2018-11-04 06:11:00,null,null,null
27,152,null,rukavice,2015-10-11 12:10:00,null,null,null
28,null,JC259JW,rukavice,2019-12-30 12:12:00,null,null,null
29,126,null,noznice,2013-05-21 07:05:00,null,null,null
30,null,BT142IV,noznice,2022-10-17 19:10:00,null,null,null
31,133,null,noznice,2020-04-24 01:04:00,null,null,null
33,121,null,rusko,2021-06-15 18:06:00,null,null,null
35,null,SL284NE,rukavice,2013-03-19 02:03:00,null,null,null
36,149,null,rukavice,2013-03-11 21:03:00,null,null,null
37,null,IV493ON,injekcia,2021-03-31 09:03:00,null,null,null
39,185,null,rukavice,2018-10-29 01:10:00,null,null,null
41,93,null,ihla,2019-01-25 20:01:00,null,null,null
42,60,null,noznice,2020-10-11 22:10:00,null,null,null
43,157,null,rukavice,2017-01-08 02:01:00,null,null,null
44,null,BC535TL,skalpel,2020-02-26 16:02:00,null,null,null
45,130,null,rusko,2013-11-09 09:11:00,null,null,null
46,null,SJ851BS,rusko,2019-09-13 07:09:00,null,null,null
47,32,null,rukavice,2019-12-02 16:12:00,null,null,null
49,null,JV689EO,skalpel,2023-09-17 23:09:00,null,null,null
359,null,RS112PN,skalpel,2016-11-04 06:11:00,null,null,null
362,68,null,ihla,2022-04-01 00:04:00,null,null,null
364,10,null,skalpel,2013-12-01 05:12:00,null,null,null
365,168,null,rusko,2022-08-28 13:08:00,null,null,null
366,147,null,rusko,2018-01-06 08:01:00,null,null,null
368,127,null,rukavice,2015-08-23 01:08:00,null,null,null
369,null,KO452KM,ihla,2021-03-30 02:03:00,null,null,null
370,null,LQ837VT,ihla,2017-02-27 23:02:00,null,null,null
371,87,null,rukavice,2023-05-11 13:05:00,null,null,null
372,null,GJ014BR,skalpel,2014-10-09 12:10:00,null,null,null
374,54,null,rukavice,2013-09-04 09:09:00,null,null,null
375,89,null,noznice,2020-12-25 04:12:00,null,null,null
376,64,null,rusko,2018-01-21 16:01:00,null,null,null
377,51,null,noznice,2017-08-06 22:08:00,null,null,null
379,136,null,skalpel,2021-04-25 10:04:00,null,null,null
380,null,FD616UI,rusko,2021-07-11 05:07:00,null,null,null
382,141,null,injekcia,2018-07-02 01:07:00,null,null,null
383,null,GT228XX,skalpel,2016-11-28 01:11:00,null,null,null
384,null,PC299VS,rukavice,2020-12-04 21:12:00,null,null,null
385,7,null,skalpel,2015-08-13 06:08:00,null,null,null
386,153,null,injekcia,2013-04-26 05:04:00,null,null,null
387,null,AN817CA,noznice,2019-12-28 02:12:00,null,null,null
388,50,null,noznice,2017-08-26 15:08:00,null,null,null
389,110,null,noznice,2017-01-05 03:01:00,null,null,null
391,null,UF558VI,rusko,2015-05-23 14:05:00,null,null,null
392,2,null,rukavice,2019-09-09 15:09:00,null,null,null
393,null,QB182WF,rusko,2020-03-27 09:03:00,null,null,null
395,null,TK588DE,injekcia,2015-11-07 13:11:00,null,null,null
396,null,LR667XF,rusko,2021-11-02 06:11:00,null,null,null
397,154,null,noznice,2020-11-08 22:11:00,null,null,null
398,63,null,skalpel,2023-03-03 16:03:00,null,null,null
399,null,HS817PD,skalpel,2023-10-26 16:10:00,null,null,null
400,171,null,rusko,2022-08-20 04:08:00,null,null,null
401,89,null,rusko,2019-03-20 15:03:00,null,null,null
402,192,null,noznice,2018-07-17 15:07:00,null,null,null
403,125,null,rukavice,2013-06-19 18:06:00,null,null,null
405,null,SW310XD,injekcia,2021-03-06 04:03:00,null,null,null
407,null,RC053FE,noznice,2016-12-24 11:12:00,null,null,null
408,null,BN503KB,injekcia,2017-08-04 10:08:00,null,null,null
409,null,EC828FE,ihla,2016-07-09 08:07:00,null,null,null
410,52,null,noznice,2019-07-26 16:07:00,null,null,null
411,77,null,skalpel,2014-12-15 09:12:00,null,null,null
414,null,CW111IR,noznice,2021-03-07 12:03:00,null,null,null
415,null,NK678XV,injekcia,2015-05-29 01:05:00,null,null,null
416,null,RK513PJ,injekcia,2022-02-26 01:02:00,null,null,null
419,null,IW176OK,noznice,2016-12-07 14:12:00,null,null,null
421,99,null,ihla,2021-08-05 22:08:00,null,null,null
422,116,null,injekcia,2020-07-26 00:07:00,null,null,null
423,15,null,ihla,2020-07-16 17:07:00,null,null,null
424,null,NI213AX,ihla,2022-02-04 10:02:00,null,null,null
425,54,null,injekcia,2014-05-17 19:05:00,null,null,null
426,null,TF931JZ,rusko,2014-01-11 06:01:00,null,null,null
427,96,null,injekcia,2023-04-13 19:04:00,null,null,null
429,null,YN684LL,ihla,2023-04-11 13:04:00,null,null,null
430,null,YY128SA,skalpel,2013-12-23 10:12:00,null,null,null
431,null,KQ119UY,noznice,2022-08-24 16:08:00,null,null,null
432,169,null,injekcia,2013-11-28 23:11:00,null,null,null
433,175,null,ihla,2015-09-29 18:09:00,null,null,null
434,null,HU834IF,rukavice,2013-01-19 03:01:00,null,null,null
435,70,null,rukavice,2022-12-26 04:12:00,null,null,null
439,134,null,rukavice,2013-12-10 15:12:00,null,null,null
441,63,null,rusko,2023-02-08 03:02:00,null,null,null
443,null,BU422RI,noznice,2015-05-14 18:05:00,null,null,null
446,177,null,injekcia,2022-02-24 04:02:00,null,null,null
447,135,null,rukavice,2020-09-21 01:09:00,null,null,null
448,null,WS215QO,noznice,2014-04-24 03:04:00,null,null,null
449,null,VK492NY,skalpel,2022-09-27 09:09:00,null,null,null
451,191,null,noznice,2013-05-16 01:05:00,null,null,null
452,null,MP678XF,skalpel,2017-02-02 05:02:00,null,null,null
453,40,null,ihla,2014-11-20 12:11:00,null,null,null
454,null,LV510MN,ihla,2021-11-30 23:11:00,null,null,null
455,140,null,injekcia,2021-01-16 02:01:00,null,null,null
456,178,null,noznice,2023-05-06 00:05:00,null,null,null
458,181,null,ihla,2016-06-26 04:06:00,null,null,null
460,145,null,injekcia,2013-07-24 10:07:00,null,null,null
461,198,null,rukavice,2014-02-17 14:02:00,null,null,null
462,null,OS122EV,ihla,2014-10-04 03:10:00,null,null,null
463,175,null,ihla,2019-09-08 09:09:00,null,null,null
464,59,null,rusko,2020-07-21 01:07:00,null,null,null
465,null,BU151OC,noznice,2013-10-05 19:10:00,null,null,null
466,null,TG164PS,skalpel,2017-08-26 18:08:00,null,null,null
467,68,null,rusko,2019-07-26 03:07:00,null,null,null
468,null,NQ118UI,rusko,2020-06-02 03:06:00,null,null,null
470,null,PY576EY,rusko,2019-02-10 05:02:00,null,null,null
472,10,null,skalpel,2017-09-20 04:09:00,null,null,null
473,32,null,injekcia,2021-07-13 07:07:00,null,null,null
474,null,UP852NT,injekcia,2017-06-01 05:06:00,null,null,null
475,59,null,injekcia,2019-11-12 05:11:00,null,null,null
476,null,NP153IC,skalpel,2019-08-13 00:08:00,null,null,null
478,null,BV332NL,injekcia,2023-05-21 12:05:00,null,null,null
479,7,null,ihla,2018-04-04 06:04:00,null,null,null
480,null,CS843QI,injekcia,2023-11-08 00:11:00,null,null,null
481,null,RE757KO,noznice,2013-10-14 04:10:00,null,null,null
482,null,BG513XB,injekcia,2016-06-29 02:06:00,null,null,null
486,null,NZ278SS,skalpel,2019-06-01 06:06:00,null,null,null
487,null,SU330GQ,noznice,2014-07-20 09:07:00,null,null,null
488,null,KN051VJ,noznice,2013-02-03 07:02:00,null,null,null
489,148,null,ihla,2021-05-25 16:05:00,null,null,null
490,null,JV381CT,noznice,2015-12-28 00:12:00,null,null,null
493,null,XP706SE,rukavice,2021-01-13 20:01:00,null,null,null
494,116,null,injekcia,2019-07-29 00:07:00,null,null,null
495,null,FF271DD,injekcia,2023-02-12 12:02:00,null,null,null
496,null,VN466JF,skalpel,2017-09-16 15:09:00,null,null,null
497,52,null,injekcia,2013-10-01 22:10:00,null,null,null
498,null,RJ650MI,noznice,2012-10-22 10:10:00,null,null,null
499,92,null,rusko,2015-11-26 00:11:00,null,null,null
501,null,BG513XB,rusko,2013-03-28 18:03:00,null,null,null
503,173,null,ihla,2020-05-04 22:05:00,null,null,null
504,null,EJ748IB,skalpel,2017-10-09 16:10:00,null,null,null
506,105,null,noznice,2023-04-26 22:04:00,null,null,null
507,19,null,noznice,2019-05-30 19:05:00,null,null,null
509,46,null,skalpel,2014-10-25 14:10:00,null,null,null
511,null,LM977YD,injekcia,2015-04-23 00:04:00,null,null,null
512,153,null,ihla,2014-04-03 04:04:00,null,null,null
514,null,ZY677XN,ihla,2023-09-26 20:09:00,null,null,null
515,16,null,injekcia,2023-04-28 20:04:00,null,null,null
516,137,null,rusko,2016-08-16 15:08:00,null,null,null
517,189,null,injekcia,2019-04-01 07:04:00,null,null,null
518,93,null,ihla,2018-07-06 10:07:00,null,null,null
520,null,XF103FU,skalpel,2021-04-27 06:04:00,null,null,null
522,90,null,rukavice,2023-05-26 10:05:00,null,null,null
523,null,DX586PD,injekcia,2016-04-19 19:04:00,null,null,null
524,12,null,rukavice,2015-01-07 20:01:00,null,null,null
526,null,MA688VO,skalpel,2013-09-19 14:09:00,null,null,null
527,182,null,ihla,2019-03-08 12:03:00,null,null,null
529,null,AI203YW,rukavice,2022-09-07 17:09:00,null,null,null
531,null,UP129HS,ihla,2019-04-04 16:04:00,null,null,null
532,24,null,rusko,2020-11-16 12:11:00,null,null,null
533,null,YM464MZ,skalpel,2018-07-05 12:07:00,null,null,null
535,null,ZM633ZJ,rukavice,2013-08-26 12:08:00,null,null,null
537,24,null,ihla,2023-03-14 10:03:00,null,null,null
538,93,null,skalpel,2020-10-11 23:10:00,null,null,null
540,157,null,noznice,2021-01-16 03:01:00,null,null,null
541,null,FQ876NJ,noznice,2020-02-13 02:02:00,null,null,null
542,67,null,ihla,2021-04-30 09:04:00,null,null,null
543,95,null,ihla,2017-06-11 16:06:00,null,null,null
544,160,null,rukavice,2018-09-10 11:09:00,null,null,null
548,139,null,rukavice,2016-05-07 11:05:00,null,null,null
549,95,null,rusko,2022-07-30 11:07:00,null,null,null
550,null,CR711EP,rusko,2022-01-18 05:01:00,null,null,null
551,null,FF271DD,injekcia,2019-02-09 18:02:00,null,null,null
553,null,CH264UI,ihla,2020-09-02 15:09:00,null,null,null
554,79,null,rusko,2016-06-15 22:06:00,null,null,null
555,169,null,noznice,2021-08-26 02:08:00,null,null,null
556,135,null,noznice,2022-11-26 18:11:00,null,null,null
562,null,GC665FT,ihla,2021-01-09 09:01:00,null,null,null
563,null,KA287HX,ihla,2021-10-14 06:10:00,null,null,null
565,55,null,injekcia,2014-02-08 23:02:00,null,null,null
566,null,KJ481KW,ihla,2016-12-31 14:12:00,null,null,null
568,18,null,rusko,2014-09-02 04:09:00,null,null,null
569,null,SU439CB,rusko,2020-07-22 18:07:00,null,null,null
572,194,null,injekcia,2023-03-01 18:03:00,null,null,null
573,121,null,rukavice,2019-09-24 23:09:00,null,null,null
576,95,null,rusko,2015-06-28 13:06:00,null,null,null
577,null,SL284NE,rukavice,2015-02-27 11:02:00,null,null,null
578,166,null,injekcia,2022-03-18 05:03:00,null,null,null
580,null,DS573EO,rukavice,2019-07-27 15:07:00,null,null,null
581,null,QV968FW,ihla,2016-12-29 04:12:00,null,null,null
582,null,GS462QI,rusko,2018-10-16 16:10:00,null,null,null
585,159,null,ihla,2019-09-01 06:09:00,null,null,null
587,62,null,skalpel,2019-12-03 17:12:00,null,null,null
590,null,VB217IT,rusko,2015-01-27 01:01:00,null,null,null
591,107,null,injekcia,2018-12-28 16:12:00,null,null,null
593,null,FN742XL,noznice,2020-09-22 08:09:00,null,null,null
594,142,null,noznice,2015-04-21 01:04:00,null,null,null
595,1,null,noznice,2015-09-17 04:09:00,null,null,null
596,120,null,skalpel,2014-12-14 00:12:00,null,null,null
598,169,null,noznice,2016-12-09 19:12:00,null,null,null
601,null,GS313YA,rukavice,2021-09-18 02:09:00,null,null,null
602,null,UQ436WX,rusko,2015-05-14 01:05:00,null,null,null
603,158,null,rusko,2023-05-26 10:05:00,null,null,null
604,null,MZ418VH,rukavice,2022-05-28 23:05:00,null,null,null
605,null,SX982HO,ihla,2016-10-01 09:10:00,null,null,null
607,null,TU877EV,skalpel,2014-11-18 13:11:00,null,null,null
608,87,null,ihla,2015-02-06 22:02:00,null,null,null
609,152,null,rusko,2020-05-05 05:05:00,null,null,null
610,81,null,rukavice,2014-08-30 09:08:00,null,null,null
611,1,null,ihla,2016-11-17 20:11:00,null,null,null
613,null,XV830NQ,injekcia,2023-03-19 17:03:00,null,null,null
614,143,null,ihla,2021-06-13 13:06:00,null,null,null
615,null,GO443PV,skalpel,2015-09-12 19:09:00,null,null,null
616,null,YY128SA,skalpel,2012-12-15 09:12:00,null,null,null
618,null,GQ322BM,injekcia,2015-03-06 08:03:00,null,null,null
619,94,null,injekcia,2019-02-15 01:02:00,null,null,null
620,null,BC951UE,rukavice,2015-06-15 01:06:00,null,null,null
621,186,null,injekcia,2020-05-02 03:05:00,null,null,null
622,141,null,skalpel,2022-02-24 23:02:00,null,null,null
627,186,null,rusko,2015-05-23 06:05:00,null,null,null
629,20,null,injekcia,2018-03-22 20:03:00,null,null,null
634,149,null,injekcia,2013-07-30 15:07:00,null,null,null
635,31,null,injekcia,2017-09-27 16:09:00,null,null,null
636,40,null,rukavice,2015-10-01 07:10:00,null,null,null
637,130,null,injekcia,2013-04-22 13:04:00,null,null,null
638,null,XS505HL,noznice,2015-12-14 02:12:00,null,null,null
639,143,null,injekcia,2014-08-31 05:08:00,null,null,null
640,null,SB827ZJ,rusko,2020-10-05 23:10:00,null,null,null
641,null,JB403EH,noznice,2023-11-08 09:11:00,null,null,null
642,null,SU775UK,rusko,2018-01-19 05:01:00,null,null,null
643,null,ZY389JQ,rukavice,2020-02-14 06:02:00,null,null,null
644,null,DH925VK,rukavice,2019-11-11 10:11:00,null,null,null
645,null,ME131CD,injekcia,2013-11-28 02:11:00,null,null,null
646,null,HN762MH,ihla,2013-07-01 19:07:00,null,null,null
648,135,null,rusko,2018-04-22 23:04:00,null,null,null
649,null,LQ390YE,injekcia,2020-03-13 21:03:00,null,null,null
651,35,null,rusko,2021-12-06 11:12:00,null,null,null
652,null,WM342VM,rukavice,2016-07-30 03:07:00,null,null,null
653,59,null,rukavice,2015-12-21 01:12:00,null,null,null
654,60,null,rusko,2015-12-25 22:12:00,null,null,null
655,107,null,noznice,2022-01-26 06:01:00,null,null,null
656,85,null,rukavice,2021-08-29 16:08:00,null,null,null
658,null,JQ618JW,rusko,2019-07-20 06:07:00,null,null,null
659,null,DS461EH,injekcia,2022-11-19 01:11:00,null,null,null
660,26,null,rukavice,2020-05-08 21:05:00,null,null,null
661,4,null,rukavice,2015-01-25 02:01:00,null,null,null
662,null,AQ399MB,injekcia,2018-10-28 22:10:00,null,null,null
664,193,null,rusko,2018-11-14 11:11:00,null,null,null
665,111,null,noznice,2013-01-10 16:01:00,null,null,null
668,null,LN656JO,ihla,2014-03-02 13:03:00,null,null,null
669,null,RM578QW,ihla,2016-09-06 14:09:00,null,null,null
670,null,LR667XF,noznice,2021-03-14 19:03:00,null,null,null
671,null,TG228BB,injekcia,2020-02-17 16:02:00,null,null,null
672,null,OR285QR,noznice,2013-08-24 11:08:00,null,null,null
673,153,null,injekcia,2016-04-14 05:04:00,null,null,null
674,62,null,rukavice,2023-10-15 21:10:00,null,null,null
675,122,null,ihla,2020-03-28 15:03:00,null,null,null
676,115,null,noznice,2015-10-27 13:10:00,null,null,null
677,111,null,injekcia,2013-06-04 03:06:00,null,null,null
679,null,JH981JY,skalpel,2022-05-31 09:05:00,null,null,null
680,13,null,ihla,2022-01-02 10:01:00,null,null,null
681,null,PK602JP,rusko,2016-02-12 18:02:00,null,null,null
682,null,RI277JT,injekcia,2022-11-13 08:11:00,null,null,null
684,null,KS432OZ,rukavice,2014-09-26 12:09:00,null,null,null
685,null,TD245VK,rusko,2014-08-17 02:08:00,null,null,null
686,156,null,rukavice,2018-07-14 11:07:00,null,null,null
687,null,JM219KK,rukavice,2018-06-22 17:06:00,null,null,null
688,18,null,ihla,2023-01-08 03:01:00,null,null,null
689,null,SD209RP,noznice,2017-05-19 20:05:00,null,null,null
690,null,XX911NH,rusko,2014-01-28 17:01:00,null,null,null
693,14,null,ihla,2017-11-26 16:11:00,null,null,null
694,null,JM219KK,rukavice,2021-06-07 12:06:00,null,null,null
695,null,CH264UI,noznice,2020-11-23 23:11:00,null,null,null
696,null,GU416IS,injekcia,2013-11-07 18:11:00,null,null,null
697,32,null,ihla,2015-05-22 21:05:00,null,null,null
698,null,ZK424PP,ihla,2017-11-02 01:11:00,null,null,null
699,83,null,ihla,2016-04-11 20:04:00,null,null,null
700,72,null,skalpel,2013-02-03 02:02:00,null,null,null
701,null,NZ278SS,rukavice,2021-03-23 16:03:00,null,null,null
702,13,null,skalpel,2021-05-29 08:05:00,null,null,null
703,null,LT684PD,noznice,2017-10-24 08:10:00,null,null,null
704,null,QG707ZD,injekcia,2023-01-22 11:01:00,null,null,null
707,30,null,injekcia,2019-12-30 13:12:00,null,null,null
708,null,LO884SR,rusko,2019-09-23 06:09:00,null,null,null
711,163,null,injekcia,2022-09-14 19:09:00,null,null,null
712,145,null,skalpel,2016-08-08 15:08:00,null,null,null
714,null,LF514TY,skalpel,2015-08-07 10:08:00,null,null,null
715,168,null,rukavice,2021-03-15 13:03:00,null,null,null
716,null,VX613OB,ihla,2020-03-06 21:03:00,null,null,null
718,null,HO539BM,skalpel,2020-09-27 08:09:00,null,null,null
719,null,UH448VO,rusko,2015-03-03 15:03:00,null,null,null
720,null,FQ866QT,rusko,2018-05-04 14:05:00,null,null,null
725,86,null,injekcia,2012-12-11 23:12:00,null,null,null
727,43,null,skalpel,2022-08-26 05:08:00,null,null,null
728,null,QT376SI,ihla,2013-11-16 03:11:00,null,null,null
729,196,null,skalpel,2017-02-27 01:02:00,null,null,null
730,129,null,noznice,2020-05-29 07:05:00,null,null,null
733,148,null,rusko,2021-07-15 10:07:00,null,null,null
735,123,null,rukavice,2017-08-08 00:08:00,null,null,null
736,73,null,ihla,2021-08-13 02:08:00,null,null,null
737,null,KG566TU,rusko,2015-11-19 13:11:00,null,null,null
738,121,null,skalpel,2015-09-14 16:09:00,null,null,null
740,null,XU021OT,skalpel,2017-11-19 22:11:00,null,null,null
741,null,QN602GE,noznice,2019-06-24 04:06:00,null,null,null
742,194,null,ihla,2016-08-10 09:08:00,null,null,null
744,null,SC127FV,injekcia,2015-04-13 13:04:00,null,null,null
745,2,null,noznice,2023-09-19 10:09:00,null,null,null
746,null,LT093NR,injekcia,2012-12-15 22:12:00,null,null,null
747,null,OR047JA,skalpel,2015-02-18 07:02:00,null,null,null
748,183,null,rusko,2018-12-20 16:12:00,null,null,null
750,103,null,skalpel,2020-10-02 16:10:00,null,null,null
751,null,SC305RN,rusko,2016-09-22 14:09:00,null,null,null
753,26,null,noznice,2021-04-26 01:04:00,null,null,null
754,80,null,injekcia,2017-09-12 16:09:00,null,null,null
757,null,AN817CA,noznice,2013-02-28 06:02:00,null,null,null
758,null,UO547MG,injekcia,2013-11-22 05:11:00,null,null,null
759,32,null,skalpel,2020-09-01 23:09:00,null,null,null
761,null,LP972RD,rusko,2018-08-26 06:08:00,null,null,null
763,null,YH872FN,skalpel,2015-09-18 00:09:00,null,null,null
764,26,null,injekcia,2012-11-30 14:11:00,null,null,null
765,170,null,ihla,2012-12-14 22:12:00,null,null,null
766,null,LA153TH,ihla,2023-05-11 13:05:00,null,null,null
768,174,null,rusko,2021-02-24 21:02:00,null,null,null
769,null,YM785RI,rusko,2013-01-13 05:01:00,null,null,null
770,149,null,ihla,2022-07-02 06:07:00,null,null,null
773,null,YK286FF,rukavice,2014-04-01 02:04:00,null,null,null
775,150,null,rukavice,2013-11-10 21:11:00,null,null,null
776,null,DH925VK,noznice,2021-06-25 13:06:00,null,null,null
777,146,null,skalpel,2020-07-04 01:07:00,null,null,null
778,null,OD748DL,rukavice,2015-06-26 07:06:00,null,null,null
779,null,VH102UV,injekcia,2020-03-23 09:03:00,null,null,null
780,null,AW325IR,rukavice,2014-02-15 11:02:00,null,null,null
782,null,IO156NI,ihla,2015-09-04 11:09:00,null,null,null
783,195,null,rusko,2015-08-06 17:08:00,null,null,null
784,88,null,rusko,2014-03-21 06:03:00,null,null,null
785,112,null,skalpel,2020-11-18 20:11:00,null,null,null
786,44,null,rukavice,2015-02-05 01:02:00,null,null,null
787,78,null,rukavice,2018-07-23 12:07:00,null,null,null
788,null,HM642PJ,rusko,2020-04-30 19:04:00,null,null,null
789,63,null,noznice,2019-05-31 11:05:00,null,null,null
790,null,DO682FG,noznice,2012-11-17 07:11:00,null,null,null
791,72,null,rusko,2017-03-29 02:03:00,null,null,null
795,null,GT228XX,rukavice,2019-03-13 04:03:00,null,null,null
796,114,null,rusko,2021-11-17 16:11:00,null,null,null
797,null,YZ565IK,rusko,2023-02-01 21:02:00,null,null,null
799,64,null,injekcia,2022-04-25 04:04:00,null,null,null
800,85,null,rusko,2016-04-23 08:04:00,null,null,null
801,null,EP269YC,rusko,2017-01-08 21:01:00,null,null,null
802,null,NZ718TB,ihla,2022-12-27 23:12:00,null,null,null
803,117,null,rusko,2022-05-27 19:05:00,null,null,null
804,null,QP429UP,injekcia,2014-03-12 00:03:00,null,null,null
806,108,null,ihla,2022-08-28 19:08:00,null,null,null
807,null,VO560BY,rusko,2016-12-10 21:12:00,null,null,null
810,null,KQ671JI,rusko,2021-11-10 18:11:00,null,null,null
811,5,null,rukavice,2021-11-01 17:11:00,null,null,null
812,20,null,noznice,2020-04-29 09:04:00,null,null,null
813,null,RE042XP,skalpel,2022-02-03 11:02:00,null,null,null
819,null,SD366YQ,ihla,2015-12-16 16:12:00,null,null,null
820,null,QR651SP,rusko,2014-07-25 12:07:00,null,null,null
821,null,LG317UF,rukavice,2021-11-09 23:11:00,null,null,null
822,108,null,skalpel,2020-10-04 08:10:00,null,null,null
823,null,ZY677XN,skalpel,2022-09-13 02:09:00,null,null,null
824,198,null,rusko,2019-10-22 11:10:00,null,null,null
826,null,YO273BV,injekcia,2017-01-02 06:01:00,null,null,null
828,148,null,ihla,2020-06-06 22:06:00,null,null,null
829,76,null,injekcia,2021-01-27 16:01:00,null,null,null
830,112,null,noznice,2015-05-15 07:05:00,null,null,null
832,null,SJ851BS,rusko,2020-11-22 11:11:00,null,null,null
833,146,null,skalpel,2017-08-17 11:08:00,null,null,null
834,null,UZ267NC,noznice,2014-11-10 23:11:00,null,null,null
836,null,HN762MH,noznice,2023-10-15 15:10:00,null,null,null
837,12,null,noznice,2014-01-24 08:01:00,null,null,null
838,null,TC920GW,noznice,2018-10-19 00:10:00,null,null,null
841,69,null,rukavice,2023-05-09 06:05:00,null,null,null
842,27,null,injekcia,2023-05-05 00:05:00,null,null,null
844,11,null,rusko,2013-10-27 16:10:00,null,null,null
845,113,null,rukavice,2021-05-05 12:05:00,null,null,null
846,39,null,rusko,2015-09-20 21:09:00,null,null,null
847,null,SU439CB,ihla,2021-12-18 16:12:00,null,null,null
848,null,MA688VO,injekcia,2014-07-30 19:07:00,null,null,null
849,null,ZW194FE,rusko,2020-09-06 23:09:00,null,null,null
850,null,JN514UC,rukavice,2017-03-13 15:03:00,null,null,null
852,null,HH145ID,rukavice,2017-07-03 11:07:00,null,null,null
853,null,DT910PH,injekcia,2021-10-20 01:10:00,null,null,null
854,null,QI884LV,rusko,2013-04-25 02:04:00,null,null,null
855,108,null,rusko,2020-06-15 03:06:00,null,null,null
856,null,RS921PE,skalpel,2012-10-16 10:10:00,null,null,null
858,65,null,injekcia,2017-03-31 14:03:00,null,null,null
859,46,null,rukavice,2014-07-29 18:07:00,null,null,null
860,null,KR517QL,ihla,2019-09-18 17:09:00,null,null,null
861,null,ZE634XC,ihla,2016-10-14 19:10:00,null,null,null
862,null,KN051VJ,noznice,2020-03-16 22:03:00,null,null,null
863,null,PV212LI,rukavice,2017-03-09 04:03:00,null,null,null
865,null,XX031EX,rukavice,2017-04-06 05:04:00,null,null,null
866,null,VN527JX,rukavice,2020-12-22 14:12:00,null,null,null
872,165,null,rusko,2016-03-29 21:03:00,null,null,null
873,148,null,injekcia,2017-03-14 15:03:00,null,null,null
874,36,null,skalpel,2016-03-03 23:03:00,null,null,null
876,null,WB352FQ,skalpel,2020-11-05 16:11:00,null,null,null
877,null,QV072JU,injekcia,2023-01-01 02:01:00,null,null,null
878,null,DW408PO,injekcia,2017-07-16 09:07:00,null,null,null
879,185,null,rusko,2015-02-18 07:02:00,null,null,null
880,180,null,ihla,2018-02-25 19:02:00,null,null,null
881,95,null,rusko,2023-03-30 01:03:00,null,null,null
882,null,XF723KG,rusko,2020-12-14 08:12:00,null,null,null
883,4,null,rusko,2023-04-28 01:04:00,null,null,null
884,26,null,injekcia,2018-10-23 17:10:00,null,null,null
885,177,null,noznice,2020-10-13 15:10:00,null,null,null
886,null,TC253IB,rusko,2012-10-23 21:10:00,null,null,null
889,null,QM723TV,rukavice,2018-03-19 20:03:00,null,null,null
890,153,null,rukavice,2019-08-07 08:08:00,null,null,null
891,null,KL632CI,noznice,2020-10-17 20:10:00,null,null,null
892,38,null,rukavice,2018-09-01 13:09:00,null,null,null
893,null,JF518CW,skalpel,2019-04-08 07:04:00,null,null,null
894,35,null,injekcia,2022-01-26 04:01:00,null,null,null
895,null,YG715IB,ihla,2017-11-18 10:11:00,null,null,null
896,126,null,injekcia,2013-05-15 15:05:00,null,null,null
898,161,null,ihla,2015-02-14 18:02:00,null,null,null
900,15,null,noznice,2012-12-08 05:12:00,null,null,null
901,null,HZ552SP,rusko,2019-12-11 20:12:00,null,null,null
902,47,null,ihla,2021-06-07 23:06:00,null,null,null
903,79,null,skalpel,2018-09-13 06:09:00,null,null,null
904,59,null,noznice,2015-10-06 01:10:00,null,null,null
906,52,null,ihla,2020-01-25 12:01:00,null,null,null
907,82,null,noznice,2020-04-20 18:04:00,null,null,null
908,null,RK384SZ,ihla,2014-07-12 13:07:00,null,null,null
909,null,EV206KS,skalpel,2019-01-03 12:01:00,null,null,null
914,null,TC253IB,injekcia,2018-09-21 09:09:00,null,null,null
916,null,DB957AR,injekcia,2017-05-08 23:05:00,null,null,null
917,164,null,ihla,2023-02-18 04:02:00,null,null,null
918,null,KQ119UY,rusko,2013-03-15 12:03:00,null,null,null
919,null,KZ249UE,injekcia,2021-03-07 18:03:00,null,null,null
922,135,null,noznice,2015-11-24 02:11:00,null,null,null
923,null,BL930FL,noznice,2020-04-22 06:04:00,null,null,null
925,35,null,ihla,2023-05-25 23:05:00,null,null,null
926,null,XT697IA,ihla,2016-05-11 13:05:00,null,null,null
928,118,null,injekcia,2013-11-25 20:11:00,null,null,null
929,null,CO644QK,injekcia,2020-11-17 03:11:00,null,null,null
931,null,KR905LN,injekcia,2018-08-09 08:08:00,null,null,null
932,null,MO678TS,skalpel,2020-12-22 15:12:00,null,null,null
933,null,XO974TS,ihla,2018-04-22 20:04:00,null,null,null
934,null,ET168XY,noznice,2014-09-06 04:09:00,null,null,null
935,null,UR555WN,ihla,2013-08-31 03:08:00,null,null,null
937,32,null,noznice,2017-08-27 00:08:00,null,null,null
939,null,VA075ET,noznice,2022-10-15 20:10:00,null,null,null
940,null,EP364IJ,noznice,2013-05-30 18:05:00,null,null,null
941,null,GY916GF,noznice,2020-12-13 13:12:00,null,null,null
942,null,BN503KB,rukavice,2014-01-08 20:01:00,null,null,null
943,null,YI325GR,rusko,2018-05-17 19:05:00,null,null,null
944,null,OS814DC,rukavice,2019-09-15 01:09:00,null,null,null
945,185,null,rukavice,2018-12-01 23:12:00,null,null,null
947,135,null,ihla,2015-11-16 20:11:00,null,null,null
948,null,YL783PU,injekcia,2016-11-17 22:11:00,null,null,null
949,94,null,rusko,2014-01-13 17:01:00,null,null,null
950,null,PD603LW,rukavice,2017-05-25 05:05:00,null,null,null
951,178,null,noznice,2020-08-01 12:08:00,null,null,null
953,66,null,noznice,2017-12-17 08:12:00,null,null,null
954,null,BR421NI,injekcia,2016-08-19 21:08:00,null,null,null
955,165,null,rusko,2015-05-31 09:05:00,null,null,null
958,83,null,rukavice,2020-01-08 10:01:00,null,null,null
959,null,UU426WL,ihla,2021-05-27 09:05:00,null,null,null
960,102,null,rusko,2019-09-01 01:09:00,null,null,null
961,2,null,noznice,2016-06-08 07:06:00,null,null,null
965,48,null,skalpel,2018-11-01 11:11:00,null,null,null
966,null,JM219KK,injekcia,2022-04-03 05:04:00,null,null,null
967,null,QV996ME,rusko,2017-01-06 18:01:00,null,null,null
968,null,SM828OW,ihla,2013-05-04 19:05:00,null,null,null
969,182,null,ihla,2014-06-28 12:06:00,null,null,null
970,139,null,rukavice,2020-04-18 02:04:00,null,null,null
971,35,null,noznice,2021-04-29 21:04:00,null,null,null
976,192,null,skalpel,2020-07-05 05:07:00,null,null,null
977,29,null,rukavice,2022-01-11 18:01:00,null,null,null
980,69,null,skalpel,2018-08-18 00:08:00,null,null,null
981,166,null,skalpel,2023-05-24 10:05:00,null,null,null
983,null,UH448VO,injekcia,2023-05-18 18:05:00,null,null,null
984,null,MI535KX,rukavice,2014-11-16 22:11:00,null,null,null
985,98,null,skalpel,2015-03-07 06:03:00,null,null,null
986,190,null,injekcia,2016-09-23 12:09:00,null,null,null
987,null,KJ287VO,rusko,2014-06-14 19:06:00,null,null,null
988,null,QK746CD,skalpel,2021-07-07 05:07:00,null,null,null
990,33,null,skalpel,2019-10-28 10:10:00,null,null,null
992,null,YP124GP,ihla,2018-11-19 07:11:00,null,null,null
994,161,null,injekcia,2017-09-01 17:09:00,null,null,null
996,null,IQ263YE,rukavice,2019-01-14 16:01:00,null,null,null
997,null,UJ489NO,ihla,2022-07-03 09:07:00,null,null,null
998,140,null,rusko,2020-03-19 18:03:00,null,null,null
1003,30,null,skalpel,2013-05-07 01:05:00,null,null,null
1005,null,RJ627CF,noznice,2022-11-04 15:11:00,null,null,null
1006,null,OD040MH,rusko,2013-08-13 16:08:00,null,null,null
1007,null,BK248CV,noznice,2015-04-18 20:04:00,null,null,null
1009,null,MX984HL,rukavice,2023-08-02 03:08:00,null,null,null
1013,null,YP366MJ,injekcia,2013-07-17 15:07:00,null,null,null
1015,null,SM676UY,rukavice,2017-09-04 23:09:00,null,null,null
1017,178,null,rusko,2021-02-15 18:02:00,null,null,null
1019,null,EW938YP,injekcia,2023-08-09 14:08:00,null,null,null
1021,47,null,rukavice,2021-02-07 22:02:00,null,null,null
1022,null,ZP825ZV,injekcia,2021-05-31 12:05:00,null,null,null
1023,54,null,skalpel,2016-05-08 12:05:00,null,null,null
1024,75,null,rukavice,2015-02-10 00:02:00,null,null,null
1025,73,null,rusko,2018-12-08 18:12:00,null,null,null
1026,112,null,rukavice,2023-03-25 10:03:00,null,null,null
1027,null,EL252US,ihla,2020-06-03 15:06:00,null,null,null
1029,8,null,injekcia,2023-03-31 11:03:00,null,null,null
1030,null,SJ851BS,noznice,2012-10-15 10:10:00,null,null,null
1031,null,MW593UB,skalpel,2022-03-02 15:03:00,null,null,null
1033,187,null,skalpel,2019-10-29 14:10:00,null,null,null
1034,null,UY468PJ,skalpel,2012-10-21 23:10:00,null,null,null
1035,null,XF723KG,noznice,2018-07-14 09:07:00,null,null,null
1036,7,null,ihla,2018-03-19 01:03:00,null,null,null
1037,null,EJ748IB,rukavice,2022-09-05 18:09:00,null,null,null
1039,null,FX051FS,noznice,2013-06-24 09:06:00,null,null,null
1040,null,HG577CW,injekcia,2022-12-02 08:12:00,null,null,null
1043,76,null,rukavice,2015-04-22 03:04:00,null,null,null
1044,null,GV783JI,noznice,2021-09-27 17:09:00,null,null,null
1045,null,KJ287VO,noznice,2020-03-15 05:03:00,null,null,null
1046,89,null,rukavice,2021-07-04 16:07:00,null,null,null
1047,null,RE757KO,injekcia,2019-02-17 06:02:00,null,null,null
1048,44,null,noznice,2018-04-02 20:04:00,null,null,null
1050,null,FN571DN,rukavice,2019-07-12 10:07:00,null,null,null
1053,null,NV949QC,injekcia,2018-09-11 04:09:00,null,null,null
1055,null,YK286TH,injekcia,2015-06-01 06:06:00,null,null,null
1060,null,SN787WO,ihla,2019-05-30 10:05:00,null,null,null
1061,null,TG843MU,rukavice,2018-05-31 09:05:00,null,null,null
1062,147,null,noznice,2016-11-21 17:11:00,null,null,null
1063,192,null,noznice,2015-02-17 22:02:00,null,null,null
1066,null,FX051FS,noznice,2021-06-05 07:06:00,null,null,null
1067,196,null,skalpel,2022-08-07 01:08:00,null,null,null
1068,null,JG455SU,rukavice,2019-08-11 20:08:00,null,null,null
1069,150,null,rukavice,2018-06-21 07:06:00,null,null,null
1070,112,null,injekcia,2018-05-12 11:05:00,null,null,null
1071,198,null,skalpel,2016-12-31 18:12:00,null,null,null
1072,12,null,noznice,2020-05-07 08:05:00,null,null,null
1073,50,null,noznice,2015-01-06 02:01:00,null,null,null
1074,null,EX616FD,injekcia,2017-04-25 15:04:00,null,null,null
1075,null,DG287VE,rusko,2018-08-27 07:08:00,null,null,null
1078,null,GS313YA,ihla,2014-01-22 07:01:00,null,null,null
1080,null,NY465WS,noznice,2021-08-02 17:08:00,null,null,null
1081,178,null,rusko,2012-11-20 19:11:00,null,null,null
1083,null,OM672EX,skalpel,2017-12-14 18:12:00,null,null,null
1084,197,null,rusko,2023-10-27 01:10:00,null,null,null
1085,null,UJ489NO,rukavice,2013-06-02 15:06:00,null,null,null
1086,170,null,noznice,2016-06-23 02:06:00,null,null,null
1087,null,MN385JJ,noznice,2015-02-11 12:02:00,null,null,null
1088,32,null,skalpel,2019-12-31 13:12:00,null,null,null
1089,37,null,skalpel,2022-03-20 12:03:00,null,null,null
1090,95,null,injekcia,2023-03-23 10:03:00,null,null,null
1093,null,DQ507PZ,ihla,2016-11-27 15:11:00,null,null,null
1094,132,null,noznice,2013-08-28 20:08:00,null,null,null
1095,171,null,rukavice,2012-12-07 17:12:00,null,null,null
1096,153,null,rukavice,2015-08-29 14:08:00,null,null,null
1099,null,YK308MU,ihla,2017-09-20 08:09:00,null,null,null
1100,null,TG164PS,injekcia,2018-04-16 04:04:00,null,null,null
1102,null,PC817BH,rukavice,2020-07-06 11:07:00,null,null,null
1103,null,XU021OT,rusko,2020-10-10 11:10:00,null,null,null
1104,25,null,ihla,2018-07-06 10:07:00,null,null,null
1105,167,null,rukavice,2021-05-20 19:05:00,null,null,null
1106,16,null,injekcia,2017-01-08 13:01:00,null,null,null
1108,195,null,skalpel,2022-03-19 02:03:00,null,null,null
1110,null,YW513SR,noznice,2023-06-14 05:06:00,null,null,null
1112,120,null,noznice,2014-12-22 15:12:00,null,null,null
1113,190,null,noznice,2021-03-10 15:03:00,null,null,null
1114,180,null,skalpel,2018-06-20 18:06:00,null,null,null
1116,null,YV887US,ihla,2023-01-13 12:01:00,null,null,null
1117,65,null,ihla,2022-09-11 20:09:00,null,null,null
1121,28,null,rusko,2014-05-10 04:05:00,null,null,null
1122,null,BE869LW,ihla,2017-04-12 20:04:00,null,null,null
1123,94,null,noznice,2019-10-19 16:10:00,null,null,null
1414,null,HU535NB,skalpel,2015-01-20 21:01:00,null,null,null
1416,22,null,noznice,2022-12-23 22:12:00,null,null,null
1418,169,null,injekcia,2023-03-14 03:03:00,null,null,null
1419,137,null,ihla,2023-01-08 21:01:00,null,null,null
1420,null,XS505HL,ihla,2015-06-25 02:06:00,null,null,null
1421,29,null,skalpel,2022-08-09 14:08:00,null,null,null
1423,null,RK742PN,rusko,2016-09-25 23:09:00,null,null,null
1424,40,null,rusko,2017-08-14 18:08:00,null,null,null
1428,null,QN602GE,ihla,2022-10-02 00:10:00,null,null,null
1429,120,null,rusko,2022-01-26 13:01:00,null,null,null
1430,112,null,ihla,2023-01-20 18:01:00,null,null,null
1431,null,OG670LB,ihla,2013-04-05 22:04:00,null,null,null
1432,127,null,noznice,2015-12-12 15:12:00,null,null,null
1434,39,null,ihla,2014-03-30 13:03:00,null,null,null
1436,null,DG157OW,rusko,2019-07-01 20:07:00,null,null,null
1437,null,RY334MX,rukavice,2023-09-30 15:09:00,null,null,null
1439,null,XS986CF,noznice,2015-07-20 20:07:00,null,null,null
1440,null,TX417MX,skalpel,2016-10-15 22:10:00,null,null,null
1441,null,GH836FL,injekcia,2015-12-17 03:12:00,null,null,null
1442,null,JQ618JW,rusko,2019-12-27 11:12:00,null,null,null
1443,27,null,skalpel,2021-09-17 17:09:00,null,null,null
1445,5,null,ihla,2018-08-21 20:08:00,null,null,null
1446,150,null,skalpel,2021-03-14 22:03:00,null,null,null
1447,null,RE463MQ,skalpel,2019-10-02 13:10:00,null,null,null
1448,null,QP368CU,ihla,2014-11-30 23:11:00,null,null,null
1449,null,MQ617VW,rukavice,2021-12-05 16:12:00,null,null,null
1451,48,null,skalpel,2016-07-12 11:07:00,null,null,null
1453,null,JG455SU,rukavice,2023-04-07 03:04:00,null,null,null
1454,null,DW408PO,rusko,2016-04-05 05:04:00,null,null,null
1455,62,null,rukavice,2021-09-01 04:09:00,null,null,null
1456,null,OR962HY,rusko,2021-07-23 17:07:00,null,null,null
1457,167,null,skalpel,2016-10-18 14:10:00,null,null,null
1458,null,JO215JB,rusko,2022-08-09 22:08:00,null,null,null
1459,184,null,noznice,2015-09-02 19:09:00,null,null,null
1460,164,null,ihla,2020-03-07 21:03:00,null,null,null
1461,76,null,rukavice,2014-10-06 16:10:00,null,null,null
1462,null,TH959QF,rusko,2018-01-20 15:01:00,null,null,null
1463,null,AT244VV,ihla,2017-10-08 05:10:00,null,null,null
1464,null,ZH732XO,noznice,2015-12-04 22:12:00,null,null,null
1465,150,null,ihla,2019-06-17 10:06:00,null,null,null
1466,null,HZ552SP,noznice,2019-10-25 01:10:00,null,null,null
1467,null,NY232ML,noznice,2013-06-27 04:06:00,null,null,null
1468,91,null,injekcia,2016-02-27 22:02:00,null,null,null
1471,169,null,ihla,2012-12-05 09:12:00,null,null,null
1472,145,null,ihla,2015-11-29 04:11:00,null,null,null
1473,5,null,noznice,2015-10-14 21:10:00,null,null,null
1474,1,null,noznice,2014-11-25 01:11:00,null,null,null
1475,1,null,injekcia,2021-02-01 19:02:00,null,null,null
1476,null,HC841YE,skalpel,2023-01-04 13:01:00,null,null,null
1478,140,null,skalpel,2021-04-26 06:04:00,null,null,null
1480,null,PD572PB,injekcia,2022-01-23 07:01:00,null,null,null
1481,null,CS856TX,noznice,2018-02-07 20:02:00,null,null,null
1482,null,LT960DI,injekcia,2022-12-09 23:12:00,null,null,null
1483,null,QB182WF,injekcia,2018-10-05 06:10:00,null,null,null
1484,null,YZ565IK,rusko,2017-04-16 21:04:00,null,null,null
1485,null,SZ814WW,ihla,2022-02-20 21:02:00,null,null,null
1488,90,null,ihla,2023-04-03 00:04:00,null,null,null
1493,null,CD645GL,ihla,2016-01-29 23:01:00,null,null,null
1495,null,PH210LC,noznice,2019-01-11 11:01:00,null,null,null
1498,null,YV723LT,rusko,2016-05-03 19:05:00,null,null,null
51,null,LH450TD,injekcia,2017-11-19 14:11:00,null,null,null
53,null,NH148TE,injekcia,2013-06-18 04:06:00,null,null,null
54,null,CN848UM,injekcia,2023-08-26 05:08:00,null,null,null
56,null,TI675UM,injekcia,2023-02-15 19:02:00,null,null,null
58,160,null,rusko,2014-11-09 01:11:00,null,null,null
59,120,null,rusko,2020-06-29 09:06:00,null,null,null
60,137,null,ihla,2013-06-25 04:06:00,null,null,null
62,92,null,ihla,2016-11-01 16:11:00,null,null,null
63,null,CC645CD,rusko,2022-09-30 04:09:00,null,null,null
64,38,null,noznice,2023-03-04 11:03:00,null,null,null
66,33,null,rusko,2018-09-04 07:09:00,null,null,null
68,null,VA075ET,rusko,2017-02-03 17:02:00,null,null,null
70,null,BL930FL,rusko,2014-04-06 17:04:00,null,null,null
71,null,QX726LR,rusko,2015-05-23 22:05:00,null,null,null
72,null,OV953GS,rukavice,2021-10-21 04:10:00,null,null,null
73,null,DB957AR,rukavice,2013-06-14 20:06:00,null,null,null
75,130,null,ihla,2018-08-12 23:08:00,null,null,null
76,103,null,ihla,2019-09-27 01:09:00,null,null,null
78,172,null,rukavice,2021-08-01 12:08:00,null,null,null
79,null,FC823NA,rusko,2016-03-23 12:03:00,null,null,null
80,null,JU055QI,noznice,2019-04-01 21:04:00,null,null,null
81,null,VN632DK,ihla,2016-07-26 14:07:00,null,null,null
82,null,XQ017EV,rukavice,2015-03-18 19:03:00,null,null,null
83,null,SM125FQ,skalpel,2014-02-15 19:02:00,null,null,null
86,57,null,ihla,2016-01-24 21:01:00,null,null,null
87,null,PT074ZC,injekcia,2017-03-20 17:03:00,null,null,null
88,null,XX031EX,ihla,2023-09-30 01:09:00,null,null,null
89,null,XT697IA,rusko,2023-04-09 18:04:00,null,null,null
92,15,null,ihla,2018-03-05 12:03:00,null,null,null
94,99,null,injekcia,2019-09-24 11:09:00,null,null,null
95,null,NW361CC,ihla,2018-11-11 05:11:00,null,null,null
96,188,null,skalpel,2017-05-31 07:05:00,null,null,null
97,187,null,injekcia,2012-12-29 06:12:00,null,null,null
98,34,null,skalpel,2015-10-05 12:10:00,null,null,null
99,null,OH226SG,injekcia,2015-12-06 03:12:00,null,null,null
101,48,null,rusko,2022-07-18 09:07:00,null,null,null
103,135,null,skalpel,2021-01-28 16:01:00,null,null,null
104,null,JG455SU,rukavice,2014-06-13 06:06:00,null,null,null
105,187,null,noznice,2019-10-12 03:10:00,null,null,null
107,null,QV888NY,rukavice,2016-05-13 09:05:00,null,null,null
108,null,MH336FE,noznice,2014-05-12 21:05:00,null,null,null
109,83,null,skalpel,2014-03-28 11:03:00,null,null,null
110,43,null,rusko,2013-03-01 13:03:00,null,null,null
111,132,null,injekcia,2022-05-15 14:05:00,null,null,null
112,192,null,ihla,2017-10-11 05:10:00,null,null,null
113,25,null,skalpel,2021-06-08 09:06:00,null,null,null
114,null,EG736WK,noznice,2021-08-21 02:08:00,null,null,null
115,171,null,skalpel,2016-06-01 01:06:00,null,null,null
119,null,PQ611LV,rukavice,2023-03-04 03:03:00,null,null,null
120,null,MZ418VH,rukavice,2023-01-03 20:01:00,null,null,null
121,181,null,rukavice,2023-10-29 02:10:00,null,null,null
122,61,null,injekcia,2015-09-20 10:09:00,null,null,null
123,165,null,rusko,2022-01-28 16:01:00,null,null,null
124,64,null,skalpel,2023-03-17 10:03:00,null,null,null
125,null,US786RK,skalpel,2015-03-27 22:03:00,null,null,null
126,42,null,ihla,2021-08-31 16:08:00,null,null,null
127,null,NW768YU,noznice,2015-05-30 07:05:00,null,null,null
129,158,null,injekcia,2020-01-02 22:01:00,null,null,null
130,null,RC921EF,injekcia,2016-06-25 03:06:00,null,null,null
132,68,null,rusko,2013-12-21 00:12:00,null,null,null
133,null,JI664VP,ihla,2023-10-08 10:10:00,null,null,null
134,null,KO445OL,rukavice,2014-12-11 23:12:00,null,null,null
135,116,null,rusko,2017-11-30 13:11:00,null,null,null
136,38,null,rukavice,2013-04-12 11:04:00,null,null,null
137,null,QE341NG,injekcia,2017-10-28 17:10:00,null,null,null
138,null,RA735XR,injekcia,2017-10-29 04:10:00,null,null,null
140,91,null,skalpel,2022-10-16 06:10:00,null,null,null
141,173,null,noznice,2020-05-30 20:05:00,null,null,null
142,8,null,noznice,2022-04-11 15:04:00,null,null,null
143,58,null,rukavice,2021-03-19 21:03:00,null,null,null
145,78,null,skalpel,2016-12-09 22:12:00,null,null,null
146,null,RA735XR,noznice,2018-12-08 18:12:00,null,null,null
147,100,null,rusko,2018-07-12 19:07:00,null,null,null
148,5,null,rusko,2016-09-24 18:09:00,null,null,null
149,135,null,rusko,2014-11-01 13:11:00,null,null,null
150,93,null,ihla,2012-11-13 13:11:00,null,null,null
151,171,null,rusko,2020-02-21 00:02:00,null,null,null
152,null,MV612EU,injekcia,2023-02-12 06:02:00,null,null,null
153,null,CY058RV,rukavice,2022-11-23 08:11:00,null,null,null
154,102,null,noznice,2016-01-07 00:01:00,null,null,null
155,null,LW178CS,rukavice,2015-08-26 00:08:00,null,null,null
156,39,null,ihla,2013-12-03 03:12:00,null,null,null
157,null,SJ274YF,injekcia,2014-09-05 16:09:00,null,null,null
160,141,null,skalpel,2022-09-16 07:09:00,null,null,null
161,53,null,skalpel,2018-10-28 09:10:00,null,null,null
162,null,PH210LC,rusko,2015-01-15 19:01:00,null,null,null
164,38,null,rusko,2022-06-21 03:06:00,null,null,null
166,148,null,noznice,2021-08-03 11:08:00,null,null,null
167,51,null,noznice,2013-05-25 19:05:00,null,null,null
168,182,null,noznice,2018-11-22 21:11:00,null,null,null
169,80,null,ihla,2017-04-06 09:04:00,null,null,null
170,184,null,rukavice,2022-04-15 21:04:00,null,null,null
172,null,HV309KC,noznice,2015-04-23 07:04:00,null,null,null
174,null,RE278OH,rukavice,2014-08-15 08:08:00,null,null,null
175,null,JV286EW,ihla,2019-10-24 06:10:00,null,null,null
176,77,null,ihla,2016-05-06 21:05:00,null,null,null
177,null,XH917GW,injekcia,2016-02-08 04:02:00,null,null,null
178,null,RW931ZN,rusko,2016-02-12 05:02:00,null,null,null
179,null,SM543TT,injekcia,2018-02-26 21:02:00,null,null,null
180,151,null,noznice,2016-05-14 14:05:00,null,null,null
181,null,LM638XY,skalpel,2013-06-25 19:06:00,null,null,null
182,null,HJ545VL,injekcia,2020-12-19 05:12:00,null,null,null
183,14,null,injekcia,2015-08-31 18:08:00,null,null,null
184,null,DD180OU,injekcia,2014-11-12 15:11:00,null,null,null
185,166,null,ihla,2013-01-14 23:01:00,null,null,null
186,9,null,ihla,2013-11-04 04:11:00,null,null,null
187,null,VU250RG,rusko,2021-03-21 19:03:00,null,null,null
188,69,null,ihla,2012-12-11 07:12:00,null,null,null
189,null,OO193CB,rusko,2013-11-05 11:11:00,null,null,null
190,null,IG518WM,rukavice,2016-08-10 00:08:00,null,null,null
191,null,XX911NH,injekcia,2016-07-13 10:07:00,null,null,null
192,186,null,ihla,2015-12-10 01:12:00,null,null,null
193,64,null,noznice,2022-03-25 21:03:00,null,null,null
197,null,QX726LR,noznice,2017-12-29 03:12:00,null,null,null
198,96,null,noznice,2017-08-14 22:08:00,null,null,null
200,175,null,rukavice,2014-02-23 23:02:00,null,null,null
201,145,null,rusko,2022-09-24 08:09:00,null,null,null
202,null,UU426WL,skalpel,2019-06-14 17:06:00,null,null,null
204,132,null,injekcia,2018-05-19 21:05:00,null,null,null
205,87,null,noznice,2023-07-20 02:07:00,null,null,null
206,null,GH836FL,noznice,2021-04-26 09:04:00,null,null,null
207,null,VJ417TU,ihla,2023-09-03 17:09:00,null,null,null
208,54,null,skalpel,2021-05-28 15:05:00,null,null,null
209,88,null,rukavice,2023-02-09 12:02:00,null,null,null
210,125,null,noznice,2013-10-19 10:10:00,null,null,null
211,186,null,injekcia,2021-03-07 00:03:00,null,null,null
212,null,QG814UQ,rukavice,2016-09-02 18:09:00,null,null,null
213,null,XY296DI,skalpel,2018-11-27 20:11:00,null,null,null
214,187,null,skalpel,2015-06-08 12:06:00,null,null,null
217,15,null,injekcia,2015-11-04 09:11:00,null,null,null
218,null,FN783OP,injekcia,2015-12-18 15:12:00,null,null,null
219,null,LO813OE,rukavice,2023-03-23 12:03:00,null,null,null
220,26,null,noznice,2020-08-08 16:08:00,null,null,null
221,null,EO122SW,injekcia,2022-05-14 17:05:00,null,null,null
223,null,LF424GW,injekcia,2014-05-23 01:05:00,null,null,null
224,121,null,noznice,2015-05-14 12:05:00,null,null,null
225,null,JK284VB,rukavice,2020-03-07 04:03:00,null,null,null
228,96,null,rukavice,2016-01-29 15:01:00,null,null,null
229,null,RO599YB,rukavice,2018-04-08 00:04:00,null,null,null
230,null,JM579HV,noznice,2016-04-25 21:04:00,null,null,null
231,171,null,skalpel,2021-03-31 07:03:00,null,null,null
233,null,HV309KC,noznice,2014-02-02 20:02:00,null,null,null
235,196,null,skalpel,2020-06-04 04:06:00,null,null,null
236,null,LT081VF,rusko,2017-07-08 01:07:00,null,null,null
237,null,NZ278SS,ihla,2023-02-10 02:02:00,null,null,null
238,56,null,noznice,2019-05-14 14:05:00,null,null,null
239,null,TX417MX,rukavice,2018-01-14 20:01:00,null,null,null
240,185,null,rusko,2021-07-26 22:07:00,null,null,null
241,null,OD748DL,rusko,2023-04-18 17:04:00,null,null,null
243,null,HY544LY,ihla,2013-09-14 02:09:00,null,null,null
247,null,RC266XB,rusko,2020-01-29 08:01:00,null,null,null
248,null,NX456EV,injekcia,2023-01-28 14:01:00,null,null,null
252,75,null,noznice,2023-01-28 23:01:00,null,null,null
253,78,null,ihla,2021-04-03 02:04:00,null,null,null
254,null,XN048GN,rusko,2021-03-30 17:03:00,null,null,null
256,null,BK227KZ,skalpel,2022-01-04 18:01:00,null,null,null
257,6,null,ihla,2018-01-31 08:01:00,null,null,null
262,null,GC665FT,ihla,2016-11-04 23:11:00,null,null,null
263,null,MQ617VW,rukavice,2015-08-01 01:08:00,null,null,null
264,101,null,skalpel,2019-01-08 14:01:00,null,null,null
265,null,JV381CT,rusko,2022-05-10 15:05:00,null,null,null
266,159,null,noznice,2016-07-13 21:07:00,null,null,null
267,33,null,rukavice,2014-12-31 19:12:00,null,null,null
268,null,QV742GP,rusko,2021-10-17 18:10:00,null,null,null
269,null,FV521MT,ihla,2015-01-29 07:01:00,null,null,null
270,144,null,ihla,2022-06-15 04:06:00,null,null,null
271,199,null,noznice,2021-11-15 16:11:00,null,null,null
272,null,LM638XY,ihla,2014-11-12 16:11:00,null,null,null
273,null,KP786KI,injekcia,2019-12-21 20:12:00,null,null,null
274,null,QG156RC,rukavice,2014-11-11 02:11:00,null,null,null
275,null,PL378RM,noznice,2018-12-22 20:12:00,null,null,null
276,null,VM885FA,ihla,2018-09-15 14:09:00,null,null,null
280,null,HF794RQ,injekcia,2013-06-13 23:06:00,null,null,null
282,54,null,rusko,2016-11-09 09:11:00,null,null,null
283,150,null,rukavice,2015-03-23 21:03:00,null,null,null
284,null,NE110GO,skalpel,2017-06-07 07:06:00,null,null,null
285,166,null,ihla,2021-04-18 23:04:00,null,null,null
286,89,null,ihla,2014-12-10 06:12:00,null,null,null
288,null,JG455SU,rusko,2018-11-13 13:11:00,null,null,null
289,199,null,injekcia,2021-02-04 19:02:00,null,null,null
291,42,null,rusko,2021-02-17 15:02:00,null,null,null
292,null,RB651XM,rukavice,2012-11-30 14:11:00,null,null,null
293,null,VN466JF,injekcia,2013-01-05 15:01:00,null,null,null
294,58,null,skalpel,2017-08-07 19:08:00,null,null,null
296,157,null,ihla,2016-03-26 18:03:00,null,null,null
297,null,BT630IZ,injekcia,2019-02-09 00:02:00,null,null,null
298,null,FS687EV,skalpel,2014-09-13 17:09:00,null,null,null
299,null,PC168MS,injekcia,2015-02-15 16:02:00,null,null,null
301,null,CK230OK,noznice,2021-06-04 07:06:00,null,null,null
304,null,QE341NG,skalpel,2021-07-24 12:07:00,null,null,null
305,null,MZ418VH,injekcia,2020-05-13 12:05:00,null,null,null
307,111,null,rukavice,2016-07-03 01:07:00,null,null,null
308,14,null,injekcia,2019-02-25 16:02:00,null,null,null
309,null,WN202RN,skalpel,2020-10-01 07:10:00,null,null,null
310,null,RB966EL,rukavice,2018-01-16 02:01:00,null,null,null
312,null,IX990BO,rukavice,2014-02-04 16:02:00,null,null,null
313,null,NN152TQ,ihla,2013-03-14 10:03:00,null,null,null
314,null,ZM633ZJ,rusko,2018-02-09 03:02:00,null,null,null
315,null,CD150QM,injekcia,2013-09-19 05:09:00,null,null,null
316,131,null,rukavice,2023-04-06 04:04:00,null,null,null
317,151,null,rukavice,2013-06-12 14:06:00,null,null,null
318,null,WX765AE,skalpel,2013-06-11 23:06:00,null,null,null
319,null,PL378RM,skalpel,2016-06-26 03:06:00,null,null,null
320,151,null,ihla,2013-11-13 17:11:00,null,null,null
321,null,YP784UK,skalpel,2017-11-21 12:11:00,null,null,null
322,169,null,noznice,2013-05-10 15:05:00,null,null,null
323,195,null,rukavice,2017-03-21 20:03:00,null,null,null
324,null,EX616FD,injekcia,2015-03-12 17:03:00,null,null,null
325,null,BK227KZ,noznice,2022-04-28 05:04:00,null,null,null
326,174,null,ihla,2021-12-06 11:12:00,null,null,null
327,190,null,rusko,2017-01-16 20:01:00,null,null,null
328,null,CB506WU,noznice,2017-03-11 02:03:00,null,null,null
329,179,null,skalpel,2023-06-17 08:06:00,null,null,null
331,54,null,ihla,2019-01-29 12:01:00,null,null,null
333,128,null,skalpel,2023-05-05 18:05:00,null,null,null
335,17,null,ihla,2014-09-03 07:09:00,null,null,null
338,null,BK248CV,rukavice,2023-10-28 22:10:00,null,null,null
340,58,null,injekcia,2019-08-18 21:08:00,null,null,null
341,null,QG707ZD,rukavice,2013-02-15 16:02:00,null,null,null
342,2,null,rukavice,2016-12-29 19:12:00,null,null,null
344,null,GT228XX,ihla,2017-11-03 12:11:00,null,null,null
346,null,TL754NS,injekcia,2015-04-08 20:04:00,null,null,null
348,145,null,rukavice,2014-05-03 07:05:00,null,null,null
349,null,WB352FQ,injekcia,2018-12-20 14:12:00,null,null,null
350,158,null,ihla,2022-03-23 03:03:00,null,null,null
351,22,null,injekcia,2019-12-02 18:12:00,null,null,null
352,114,null,injekcia,2022-07-17 11:07:00,null,null,null
353,136,null,injekcia,2020-02-27 11:02:00,null,null,null
354,null,LO022IC,skalpel,2023-01-08 11:01:00,null,null,null
355,null,CO789EG,noznice,2020-02-02 23:02:00,null,null,null
356,70,null,ihla,2018-03-30 20:03:00,null,null,null
357,null,US786RK,rusko,2018-11-18 12:11:00,null,null,null
358,null,IZ656LK,ihla,2013-02-10 11:02:00,null,null,null
